region_slug,source_path,target_path,source_name,target_name
vinnytsia,винница/AgroStats_chart-Вінницька область-Урожайність-Зернові_2010-2024.csv,data/raw/agrostats/vinnytsia/AgroStats_chart-Вінницька область-Урожайність-Зернові_2010-2024.csv,AgroStats_chart-Вінницька область-Урожайність-Зернові_2010-2024.csv,AgroStats_chart-Вінницька область-Урожайність-Зернові_2010-2024.csv
vinnytsia,винница/AgroStats_chart-Вінницька область-Урожайність-Пшениця_2010-2024.csv,data/raw/agrostats/vinnytsia/AgroStats_chart-Вінницька область-Урожайність-Пшениця_2010-2024.csv,AgroStats_chart-Вінницька область-Урожайність-Пшениця_2010-2024.csv,AgroStats_chart-Вінницька область-Урожайність-Пшениця_2010-2024.csv
vinnytsia,винница/AgroStats_chart-Вінницька область-Урожайність-Ячмінь_2010-2024.csv,data/raw/agrostats/vinnytsia/AgroStats_chart-Вінницька область-Урожайність-Ячмінь_2010-2024.csv,AgroStats_chart-Вінницька область-Урожайність-Ячмінь_2010-2024.csv,AgroStats_chart-Вінницька область-Урожайність-Ячмінь_2010-2024.csv
vinnytsia,винница/AgroStats_chart-Вінницька область-Урожайність-Кукурудза_2010-2024.csv,data/raw/agrostats/vinnytsia/AgroStats_chart-Вінницька область-Урожайність-Кукурудза_2010-2024.csv,AgroStats_chart-Вінницька область-Урожайність-Кукурудза_2010-2024.csv,AgroStats_chart-Вінницька область-Урожайність-Кукурудза_2010-2024.csv
vinnytsia,винница/AgroStats_chart-Вінницька область-Урожайність-Жито_2010-2024.csv,data/raw/agrostats/vinnytsia/AgroStats_chart-Вінницька область-Урожайність-Жито_2010-2024.csv,AgroStats_chart-Вінницька область-Урожайність-Жито_2010-2024.csv,AgroStats_chart-Вінницька область-Урожайність-Жито_2010-2024.csv
vinnytsia,винница/AgroStats_chart-Вінницька область-Урожайність-Овес_2010-2024.csv,data/raw/agrostats/vinnytsia/AgroStats_chart-Вінницька область-Урожайність-Овес_2010-2024.csv,AgroStats_chart-Вінницька область-Урожайність-Овес_2010-2024.csv,AgroStats_chart-Вінницька область-Урожайність-Овес_2010-2024.csv
vinnytsia,винница/AgroStats_chart-Вінницька область-Урожайність-Соняшник_2010-2024.csv,data/raw/agrostats/vinnytsia/AgroStats_chart-Вінницька область-Урожайність-Соняшник_2010-2024.csv,AgroStats_chart-Вінницька область-Урожайність-Соняшник_2010-2024.csv,AgroStats_chart-Вінницька область-Урожайність-Соняшник_2010-2024.csv
vinnytsia,винница/AgroStats_chart-Вінницька область-Урожайність-Буряк_2010-2024.csv,data/raw/agrostats/vinnytsia/AgroStats_chart-Вінницька область-Урожайність-Буряк_2010-2024.csv,AgroStats_chart-Вінницька область-Урожайність-Буряк_2010-2024.csv,AgroStats_chart-Вінницька область-Урожайність-Буряк_2010-2024.csv
vinnytsia,винница/AgroStats_chart-Вінницька область-Урожайність-Соя_2010-2024.csv,data/raw/agrostats/vinnytsia/AgroStats_chart-Вінницька область-Урожайність-Соя_2010-2024.csv,AgroStats_chart-Вінницька область-Урожайність-Соя_2010-2024.csv,AgroStats_chart-Вінницька область-Урожайність-Соя_2010-2024.csv
vinnytsia,винница/AgroStats_chart-Вінницька область-Урожайність-Ріпак_2010-2024.csv,data/raw/agrostats/vinnytsia/AgroStats_chart-Вінницька область-Урожайність-Ріпак_2010-2024.csv,AgroStats_chart-Вінницька область-Урожайність-Ріпак_2010-2024.csv,AgroStats_chart-Вінницька область-Урожайність-Ріпак_2010-2024.csv
vinnytsia,винница/AgroStats_chart-Вінницька область-Урожайність-Овочі_2010-2024.csv,data/raw/agrostats/vinnytsia/AgroStats_chart-Вінницька область-Урожайність-Овочі_2010-2024.csv,AgroStats_chart-Вінницька область-Урожайність-Овочі_2010-2024.csv,AgroStats_chart-Вінницька область-Урожайність-Овочі_2010-2024.csv
vinnytsia,винница/AgroStats_chart-Вінницька область-Урожайність-Картопля_2010-2024.csv,data/raw/agrostats/vinnytsia/AgroStats_chart-Вінницька область-Урожайність-Картопля_2010-2024.csv,AgroStats_chart-Вінницька область-Урожайність-Картопля_2010-2024.csv,AgroStats_chart-Вінницька область-Урожайність-Картопля_2010-2024.csv
vinnytsia,винница/AgroStats_chart-Вінницька область-Урожайність-Фрукти_2010-2024.csv,data/raw/agrostats/vinnytsia/AgroStats_chart-Вінницька область-Урожайність-Фрукти_2010-2024.csv,AgroStats_chart-Вінницька область-Урожайність-Фрукти_2010-2024.csv,AgroStats_chart-Вінницька область-Урожайність-Фрукти_2010-2024.csv
vinnytsia,винница/AgroStats_chart-Вінницька область-Посівна площа-Всі культури_2010-2024.csv,data/raw/agrostats/vinnytsia/AgroStats_chart-Вінницька область-Посівна площа-Всі культури_2010-2024.csv,AgroStats_chart-Вінницька область-Посівна площа-Всі культури_2010-2024.csv,AgroStats_chart-Вінницька область-Посівна площа-Всі культури_2010-2024.csv
vinnytsia,винница/AgroStats_chart-Вінницька область-Посівна площа-Всі зернові культури_2010-2024.csv,data/raw/agrostats/vinnytsia/AgroStats_chart-Вінницька область-Посівна площа-Всі зернові культури_2010-2024.csv,AgroStats_chart-Вінницька область-Посівна площа-Всі зернові культури_2010-2024.csv,AgroStats_chart-Вінницька область-Посівна площа-Всі зернові культури_2010-2024.csv
vinnytsia,винница/AgroStats_chart-Вінницька область-Посівна площа-Пшениця_2010-2024.csv,data/raw/agrostats/vinnytsia/AgroStats_chart-Вінницька область-Посівна площа-Пшениця_2010-2024.csv,AgroStats_chart-Вінницька область-Посівна площа-Пшениця_2010-2024.csv,AgroStats_chart-Вінницька область-Посівна площа-Пшениця_2010-2024.csv
vinnytsia,винница/AgroStats_chart-Вінницька область-Посівна площа-Ячмінь_2010-2024.csv,data/raw/agrostats/vinnytsia/AgroStats_chart-Вінницька область-Посівна площа-Ячмінь_2010-2024.csv,AgroStats_chart-Вінницька область-Посівна площа-Ячмінь_2010-2024.csv,AgroStats_chart-Вінницька область-Посівна площа-Ячмінь_2010-2024.csv
vinnytsia,винница/AgroStats_chart-Вінницька область-Посівна площа-Кукурудза_2010-2024.csv,data/raw/agrostats/vinnytsia/AgroStats_chart-Вінницька область-Посівна площа-Кукурудза_2010-2024.csv,AgroStats_chart-Вінницька область-Посівна площа-Кукурудза_2010-2024.csv,AgroStats_chart-Вінницька область-Посівна площа-Кукурудза_2010-2024.csv
vinnytsia,винница/AgroStats_chart-Вінницька область-Посівна площа-Жито_2010-2024.csv,data/raw/agrostats/vinnytsia/AgroStats_chart-Вінницька область-Посівна площа-Жито_2010-2024.csv,AgroStats_chart-Вінницька область-Посівна площа-Жито_2010-2024.csv,AgroStats_chart-Вінницька область-Посівна площа-Жито_2010-2024.csv
vinnytsia,винница/AgroStats_chart-Вінницька область-Посівна площа-Овес_2010-2024.csv,data/raw/agrostats/vinnytsia/AgroStats_chart-Вінницька область-Посівна площа-Овес_2010-2024.csv,AgroStats_chart-Вінницька область-Посівна площа-Овес_2010-2024.csv,AgroStats_chart-Вінницька область-Посівна площа-Овес_2010-2024.csv
vinnytsia,винница/AgroStats_chart-Вінницька область-Посівна площа-Всі технічні культури_2010-2024.csv,data/raw/agrostats/vinnytsia/AgroStats_chart-Вінницька область-Посівна площа-Всі технічні культури_2010-2024.csv,AgroStats_chart-Вінницька область-Посівна площа-Всі технічні культури_2010-2024.csv,AgroStats_chart-Вінницька область-Посівна площа-Всі технічні культури_2010-2024.csv
vinnytsia,винница/AgroStats_chart-Вінницька область-Посівна площа-Соняшник_2010-2024.csv,data/raw/agrostats/vinnytsia/AgroStats_chart-Вінницька область-Посівна площа-Соняшник_2010-2024.csv,AgroStats_chart-Вінницька область-Посівна площа-Соняшник_2010-2024.csv,AgroStats_chart-Вінницька область-Посівна площа-Соняшник_2010-2024.csv
vinnytsia,винница/AgroStats_chart-Вінницька область-Посівна площа-Буряк_2010-2024.csv,data/raw/agrostats/vinnytsia/AgroStats_chart-Вінницька область-Посівна площа-Буряк_2010-2024.csv,AgroStats_chart-Вінницька область-Посівна площа-Буряк_2010-2024.csv,AgroStats_chart-Вінницька область-Посівна площа-Буряк_2010-2024.csv
vinnytsia,винница/AgroStats_chart-Вінницька область-Посівна площа-Соя_2010-2024.csv,data/raw/agrostats/vinnytsia/AgroStats_chart-Вінницька область-Посівна площа-Соя_2010-2024.csv,AgroStats_chart-Вінницька область-Посівна площа-Соя_2010-2024.csv,AgroStats_chart-Вінницька область-Посівна площа-Соя_2010-2024.csv
vinnytsia,винница/AgroStats_chart-Вінницька область-Посівна площа-Ріпак_2010-2024.csv,data/raw/agrostats/vinnytsia/AgroStats_chart-Вінницька область-Посівна площа-Ріпак_2010-2024.csv,AgroStats_chart-Вінницька область-Посівна площа-Ріпак_2010-2024.csv,AgroStats_chart-Вінницька область-Посівна площа-Ріпак_2010-2024.csv
vinnytsia,винница/AgroStats_chart-Вінницька область-Посівна площа-Всі овочі_2010-2024.csv,data/raw/agrostats/vinnytsia/AgroStats_chart-Вінницька область-Посівна площа-Всі овочі_2010-2024.csv,AgroStats_chart-Вінницька область-Посівна площа-Всі овочі_2010-2024.csv,AgroStats_chart-Вінницька область-Посівна площа-Всі овочі_2010-2024.csv
vinnytsia,винница/AgroStats_chart-Вінницька область-Посівна площа-Картопля_2010-2024.csv,data/raw/agrostats/vinnytsia/AgroStats_chart-Вінницька область-Посівна площа-Картопля_2010-2024.csv,AgroStats_chart-Вінницька область-Посівна площа-Картопля_2010-2024.csv,AgroStats_chart-Вінницька область-Посівна площа-Картопля_2010-2024.csv
vinnytsia,винница/AgroStats_chart-Вінницька область-Посівна площа-Овочі_2010-2024.csv,data/raw/agrostats/vinnytsia/AgroStats_chart-Вінницька область-Посівна площа-Овочі_2010-2024.csv,AgroStats_chart-Вінницька область-Посівна площа-Овочі_2010-2024.csv,AgroStats_chart-Вінницька область-Посівна площа-Овочі_2010-2024.csv
vinnytsia,винница/AgroStats_chart-Вінницька область-Посівна площа-Всі кормові_2010-2024.csv,data/raw/agrostats/vinnytsia/AgroStats_chart-Вінницька область-Посівна площа-Всі кормові_2010-2024.csv,AgroStats_chart-Вінницька область-Посівна площа-Всі кормові_2010-2024.csv,AgroStats_chart-Вінницька область-Посівна площа-Всі кормові_2010-2024.csv
vinnytsia,винница/AgroStats_chart-Вінницька область-Посівна площа-Всі фрукти_2010-2024.csv,data/raw/agrostats/vinnytsia/AgroStats_chart-Вінницька область-Посівна площа-Всі фрукти_2010-2024.csv,AgroStats_chart-Вінницька область-Посівна площа-Всі фрукти_2010-2024.csv,AgroStats_chart-Вінницька область-Посівна площа-Всі фрукти_2010-2024.csv
vinnytsia,винница/AgroStats_chart-Вінницька область-Добрива-Всі культури_2010-2024.csv,data/raw/agrostats/vinnytsia/AgroStats_chart-Вінницька область-Добрива-Всі культури_2010-2024 Мінеральні.csv,AgroStats_chart-Вінницька область-Добрива-Всі культури_2010-2024.csv,AgroStats_chart-Вінницька область-Добрива-Всі культури_2010-2024 Мінеральні.csv
vinnytsia,винница/AgroStats_chart-Вінницька область-Добрива-Зернові_2010-2024.csv,data/raw/agrostats/vinnytsia/AgroStats_chart-Вінницька область-Добрива-Зернові_2010-2024 Мінеральні.csv,AgroStats_chart-Вінницька область-Добрива-Зернові_2010-2024.csv,AgroStats_chart-Вінницька область-Добрива-Зернові_2010-2024 Мінеральні.csv
vinnytsia,винница/AgroStats_chart-Вінницька область-Добрива-Технічні_2010-2024.csv,data/raw/agrostats/vinnytsia/AgroStats_chart-Вінницька область-Добрива-Технічні_2010-2024 Мінеральні.csv,AgroStats_chart-Вінницька область-Добрива-Технічні_2010-2024.csv,AgroStats_chart-Вінницька область-Добрива-Технічні_2010-2024 Мінеральні.csv
vinnytsia,винница/AgroStats_chart-Вінницька область-Добрива-Кормові_2010-2024.csv,data/raw/agrostats/vinnytsia/AgroStats_chart-Вінницька область-Добрива-Кормові_2010-2024 Мінеральні.csv,AgroStats_chart-Вінницька область-Добрива-Кормові_2010-2024.csv,AgroStats_chart-Вінницька область-Добрива-Кормові_2010-2024 Мінеральні.csv
vinnytsia,винница/AgroStats_chart-Вінницька область-Добрива-Пшениця_2010-2024.csv,data/raw/agrostats/vinnytsia/AgroStats_chart-Вінницька область-Добрива-Пшениця_2010-2024 Мінеральні.csv,AgroStats_chart-Вінницька область-Добрива-Пшениця_2010-2024.csv,AgroStats_chart-Вінницька область-Добрива-Пшениця_2010-2024 Мінеральні.csv
vinnytsia,винница/AgroStats_chart-Вінницька область-Добрива-Кукурудза_2010-2024.csv,data/raw/agrostats/vinnytsia/AgroStats_chart-Вінницька область-Добрива-Кукурудза_2010-2024 Мінеральні.csv,AgroStats_chart-Вінницька область-Добрива-Кукурудза_2010-2024.csv,AgroStats_chart-Вінницька область-Добрива-Кукурудза_2010-2024 Мінеральні.csv
vinnytsia,винница/AgroStats_chart-Вінницька область-Добрива-Соняшник_2010-2024.csv,data/raw/agrostats/vinnytsia/AgroStats_chart-Вінницька область-Добрива-Соняшник_2010-2024 Мінеральні.csv,AgroStats_chart-Вінницька область-Добрива-Соняшник_2010-2024.csv,AgroStats_chart-Вінницька область-Добрива-Соняшник_2010-2024 Мінеральні.csv
vinnytsia,винница/AgroStats_chart-Вінницька область-Добрива-Буряк_2010-2024.csv,data/raw/agrostats/vinnytsia/AgroStats_chart-Вінницька область-Добрива-Буряк_2010-2024 Мінеральні.csv,AgroStats_chart-Вінницька область-Добрива-Буряк_2010-2024.csv,AgroStats_chart-Вінницька область-Добрива-Буряк_2010-2024 Мінеральні.csv
vinnytsia,винница/AgroStats_chart-Вінницька область-Добрива-Соя_2010-2024.csv,data/raw/agrostats/vinnytsia/AgroStats_chart-Вінницька область-Добрива-Соя_2010-2024 Мінеральні.csv,AgroStats_chart-Вінницька область-Добрива-Соя_2010-2024.csv,AgroStats_chart-Вінницька область-Добрива-Соя_2010-2024 Мінеральні.csv
vinnytsia,винница/AgroStats_chart-Вінницька область-Добрива-Ріпак_2010-2024.csv,data/raw/agrostats/vinnytsia/AgroStats_chart-Вінницька область-Добрива-Ріпак_2010-2024 Мінеральні.csv,AgroStats_chart-Вінницька область-Добрива-Ріпак_2010-2024.csv,AgroStats_chart-Вінницька область-Добрива-Ріпак_2010-2024 Мінеральні.csv
vinnytsia,винница/AgroStats_chart-Вінницька область-Добрива-Овочі_2010-2024.csv,data/raw/agrostats/vinnytsia/AgroStats_chart-Вінницька область-Добрива-Овочі_2010-2024 Мінеральні.csv,AgroStats_chart-Вінницька область-Добрива-Овочі_2010-2024.csv,AgroStats_chart-Вінницька область-Добрива-Овочі_2010-2024 Мінеральні.csv
vinnytsia,винница/AgroStats_chart-Вінницька область-Добрива-Картопля_2010-2024.csv,data/raw/agrostats/vinnytsia/AgroStats_chart-Вінницька область-Добрива-Картопля_2010-2024 Мінеральні.csv,AgroStats_chart-Вінницька область-Добрива-Картопля_2010-2024.csv,AgroStats_chart-Вінницька область-Добрива-Картопля_2010-2024 Мінеральні.csv
vinnytsia,винница/AgroStats_chart-Вінницька область-Добрива-Всі культури_2010-2024 (1).csv,data/raw/agrostats/vinnytsia/AgroStats_chart-Вінницька область-Добрива-Всі культури_2010-2024 Азотні.csv,AgroStats_chart-Вінницька область-Добрива-Всі культури_2010-2024 (1).csv,AgroStats_chart-Вінницька область-Добрива-Всі культури_2010-2024 Азотні.csv
vinnytsia,винница/AgroStats_chart-Вінницька область-Добрива-Зернові_2010-2024 (1).csv,data/raw/agrostats/vinnytsia/AgroStats_chart-Вінницька область-Добрива-Зернові_2010-2024 Азотні.csv,AgroStats_chart-Вінницька область-Добрива-Зернові_2010-2024 (1).csv,AgroStats_chart-Вінницька область-Добрива-Зернові_2010-2024 Азотні.csv
vinnytsia,винница/AgroStats_chart-Вінницька область-Добрива-Технічні_2010-2024 (1).csv,data/raw/agrostats/vinnytsia/AgroStats_chart-Вінницька область-Добрива-Технічні_2010-2024 Азотні.csv,AgroStats_chart-Вінницька область-Добрива-Технічні_2010-2024 (1).csv,AgroStats_chart-Вінницька область-Добрива-Технічні_2010-2024 Азотні.csv
vinnytsia,винница/AgroStats_chart-Вінницька область-Добрива-Кормові_2010-2024 (1).csv,data/raw/agrostats/vinnytsia/AgroStats_chart-Вінницька область-Добрива-Кормові_2010-2024 Азотні.csv,AgroStats_chart-Вінницька область-Добрива-Кормові_2010-2024 (1).csv,AgroStats_chart-Вінницька область-Добрива-Кормові_2010-2024 Азотні.csv
vinnytsia,винница/AgroStats_chart-Вінницька область-Добрива-Пшениця_2010-2024 (1).csv,data/raw/agrostats/vinnytsia/AgroStats_chart-Вінницька область-Добрива-Пшениця_2010-2024 Азотні.csv,AgroStats_chart-Вінницька область-Добрива-Пшениця_2010-2024 (1).csv,AgroStats_chart-Вінницька область-Добрива-Пшениця_2010-2024 Азотні.csv
vinnytsia,винница/AgroStats_chart-Вінницька область-Добрива-Кукурудза_2010-2024 (1).csv,data/raw/agrostats/vinnytsia/AgroStats_chart-Вінницька область-Добрива-Кукурудза_2010-2024 Азотні.csv,AgroStats_chart-Вінницька область-Добрива-Кукурудза_2010-2024 (1).csv,AgroStats_chart-Вінницька область-Добрива-Кукурудза_2010-2024 Азотні.csv
vinnytsia,винница/AgroStats_chart-Вінницька область-Добрива-Соняшник_2010-2024 (1).csv,data/raw/agrostats/vinnytsia/AgroStats_chart-Вінницька область-Добрива-Соняшник_2010-2024 Азотні.csv,AgroStats_chart-Вінницька область-Добрива-Соняшник_2010-2024 (1).csv,AgroStats_chart-Вінницька область-Добрива-Соняшник_2010-2024 Азотні.csv
vinnytsia,винница/AgroStats_chart-Вінницька область-Добрива-Буряк_2010-2024 (1).csv,data/raw/agrostats/vinnytsia/AgroStats_chart-Вінницька область-Добрива-Буряк_2010-2024 Азотні.csv,AgroStats_chart-Вінницька область-Добрива-Буряк_2010-2024 (1).csv,AgroStats_chart-Вінницька область-Добрива-Буряк_2010-2024 Азотні.csv
vinnytsia,винница/AgroStats_chart-Вінницька область-Добрива-Соя_2010-2024 (1).csv,data/raw/agrostats/vinnytsia/AgroStats_chart-Вінницька область-Добрива-Соя_2010-2024 Азотні.csv,AgroStats_chart-Вінницька область-Добрива-Соя_2010-2024 (1).csv,AgroStats_chart-Вінницька область-Добрива-Соя_2010-2024 Азотні.csv
vinnytsia,винница/AgroStats_chart-Вінницька область-Добрива-Ріпак_2010-2024 (1).csv,data/raw/agrostats/vinnytsia/AgroStats_chart-Вінницька область-Добрива-Ріпак_2010-2024 Азотні.csv,AgroStats_chart-Вінницька область-Добрива-Ріпак_2010-2024 (1).csv,AgroStats_chart-Вінницька область-Добрива-Ріпак_2010-2024 Азотні.csv
vinnytsia,винница/AgroStats_chart-Вінницька область-Добрива-Овочі_2010-2024 (1).csv,data/raw/agrostats/vinnytsia/AgroStats_chart-Вінницька область-Добрива-Овочі_2010-2024 Азотні.csv,AgroStats_chart-Вінницька область-Добрива-Овочі_2010-2024 (1).csv,AgroStats_chart-Вінницька область-Добрива-Овочі_2010-2024 Азотні.csv
vinnytsia,винница/AgroStats_chart-Вінницька область-Добрива-Картопля_2010-2024 (1).csv,data/raw/agrostats/vinnytsia/AgroStats_chart-Вінницька область-Добрива-Картопля_2010-2024 Азотні.csv,AgroStats_chart-Вінницька область-Добрива-Картопля_2010-2024 (1).csv,AgroStats_chart-Вінницька область-Добрива-Картопля_2010-2024 Азотні.csv
vinnytsia,винница/AgroStats_chart-Вінницька область-Добрива-Всі культури_2010-2024 (2).csv,data/raw/agrostats/vinnytsia/AgroStats_chart-Вінницька область-Добрива-Всі культури_2010-2024 Фосфорні.csv,AgroStats_chart-Вінницька область-Добрива-Всі культури_2010-2024 (2).csv,AgroStats_chart-Вінницька область-Добрива-Всі культури_2010-2024 Фосфорні.csv
vinnytsia,винница/AgroStats_chart-Вінницька область-Добрива-Зернові_2010-2024 (2).csv,data/raw/agrostats/vinnytsia/AgroStats_chart-Вінницька область-Добрива-Зернові_2010-2024 Фосфорні.csv,AgroStats_chart-Вінницька область-Добрива-Зернові_2010-2024 (2).csv,AgroStats_chart-Вінницька область-Добрива-Зернові_2010-2024 Фосфорні.csv
vinnytsia,винница/AgroStats_chart-Вінницька область-Добрива-Технічні_2010-2024 (2).csv,data/raw/agrostats/vinnytsia/AgroStats_chart-Вінницька область-Добрива-Технічні_2010-2024 Фосфорні.csv,AgroStats_chart-Вінницька область-Добрива-Технічні_2010-2024 (2).csv,AgroStats_chart-Вінницька область-Добрива-Технічні_2010-2024 Фосфорні.csv
vinnytsia,винница/AgroStats_chart-Вінницька область-Добрива-Кормові_2010-2024 (2).csv,data/raw/agrostats/vinnytsia/AgroStats_chart-Вінницька область-Добрива-Кормові_2010-2024 Фосфорні.csv,AgroStats_chart-Вінницька область-Добрива-Кормові_2010-2024 (2).csv,AgroStats_chart-Вінницька область-Добрива-Кормові_2010-2024 Фосфорні.csv
vinnytsia,винница/AgroStats_chart-Вінницька область-Добрива-Пшениця_2010-2024 (2).csv,data/raw/agrostats/vinnytsia/AgroStats_chart-Вінницька область-Добрива-Пшениця_2010-2024 Фосфорні.csv,AgroStats_chart-Вінницька область-Добрива-Пшениця_2010-2024 (2).csv,AgroStats_chart-Вінницька область-Добрива-Пшениця_2010-2024 Фосфорні.csv
vinnytsia,винница/AgroStats_chart-Вінницька область-Добрива-Кукурудза_2010-2024 (2).csv,data/raw/agrostats/vinnytsia/AgroStats_chart-Вінницька область-Добрива-Кукурудза_2010-2024 Фосфорні.csv,AgroStats_chart-Вінницька область-Добрива-Кукурудза_2010-2024 (2).csv,AgroStats_chart-Вінницька область-Добрива-Кукурудза_2010-2024 Фосфорні.csv
vinnytsia,винница/AgroStats_chart-Вінницька область-Добрива-Соняшник_2010-2024 (2).csv,data/raw/agrostats/vinnytsia/AgroStats_chart-Вінницька область-Добрива-Соняшник_2010-2024 Фосфорні.csv,AgroStats_chart-Вінницька область-Добрива-Соняшник_2010-2024 (2).csv,AgroStats_chart-Вінницька область-Добрива-Соняшник_2010-2024 Фосфорні.csv
vinnytsia,винница/AgroStats_chart-Вінницька область-Добрива-Буряк_2010-2024 (2).csv,data/raw/agrostats/vinnytsia/AgroStats_chart-Вінницька область-Добрива-Буряк_2010-2024 Фосфорні.csv,AgroStats_chart-Вінницька область-Добрива-Буряк_2010-2024 (2).csv,AgroStats_chart-Вінницька область-Добрива-Буряк_2010-2024 Фосфорні.csv
vinnytsia,винница/AgroStats_chart-Вінницька область-Добрива-Соя_2010-2024 (2).csv,data/raw/agrostats/vinnytsia/AgroStats_chart-Вінницька область-Добрива-Соя_2010-2024 Фосфорні.csv,AgroStats_chart-Вінницька область-Добрива-Соя_2010-2024 (2).csv,AgroStats_chart-Вінницька область-Добрива-Соя_2010-2024 Фосфорні.csv
vinnytsia,винница/AgroStats_chart-Вінницька область-Добрива-Ріпак_2010-2024 (2).csv,data/raw/agrostats/vinnytsia/AgroStats_chart-Вінницька область-Добрива-Ріпак_2010-2024 Фосфорні.csv,AgroStats_chart-Вінницька область-Добрива-Ріпак_2010-2024 (2).csv,AgroStats_chart-Вінницька область-Добрива-Ріпак_2010-2024 Фосфорні.csv
vinnytsia,винница/AgroStats_chart-Вінницька область-Добрива-Овочі_2010-2024 (2).csv,data/raw/agrostats/vinnytsia/AgroStats_chart-Вінницька область-Добрива-Овочі_2010-2024 Фосфорні.csv,AgroStats_chart-Вінницька область-Добрива-Овочі_2010-2024 (2).csv,AgroStats_chart-Вінницька область-Добрива-Овочі_2010-2024 Фосфорні.csv
vinnytsia,винница/AgroStats_chart-Вінницька область-Добрива-Картопля_2010-2024 (2).csv,data/raw/agrostats/vinnytsia/AgroStats_chart-Вінницька область-Добрива-Картопля_2010-2024 Фосфорні.csv,AgroStats_chart-Вінницька область-Добрива-Картопля_2010-2024 (2).csv,AgroStats_chart-Вінницька область-Добрива-Картопля_2010-2024 Фосфорні.csv
vinnytsia,винница/AgroStats_chart-Вінницька область-Добрива-Всі культури_2010-2024 (3).csv,data/raw/agrostats/vinnytsia/AgroStats_chart-Вінницька область-Добрива-Всі культури_2010-2024 Калійні.csv,AgroStats_chart-Вінницька область-Добрива-Всі культури_2010-2024 (3).csv,AgroStats_chart-Вінницька область-Добрива-Всі культури_2010-2024 Калійні.csv
vinnytsia,винница/AgroStats_chart-Вінницька область-Добрива-Зернові_2010-2024 (3).csv,data/raw/agrostats/vinnytsia/AgroStats_chart-Вінницька область-Добрива-Зернові_2010-2024 Калійні.csv,AgroStats_chart-Вінницька область-Добрива-Зернові_2010-2024 (3).csv,AgroStats_chart-Вінницька область-Добрива-Зернові_2010-2024 Калійні.csv
vinnytsia,винница/AgroStats_chart-Вінницька область-Добрива-Технічні_2010-2024 (3).csv,data/raw/agrostats/vinnytsia/AgroStats_chart-Вінницька область-Добрива-Технічні_2010-2024 Калійні.csv,AgroStats_chart-Вінницька область-Добрива-Технічні_2010-2024 (3).csv,AgroStats_chart-Вінницька область-Добрива-Технічні_2010-2024 Калійні.csv
vinnytsia,винница/AgroStats_chart-Вінницька область-Добрива-Кормові_2010-2024 (3).csv,data/raw/agrostats/vinnytsia/AgroStats_chart-Вінницька область-Добрива-Кормові_2010-2024 Калійні.csv,AgroStats_chart-Вінницька область-Добрива-Кормові_2010-2024 (3).csv,AgroStats_chart-Вінницька область-Добрива-Кормові_2010-2024 Калійні.csv
vinnytsia,винница/AgroStats_chart-Вінницька область-Добрива-Пшениця_2010-2024 (3).csv,data/raw/agrostats/vinnytsia/AgroStats_chart-Вінницька область-Добрива-Пшениця_2010-2024 Калійні.csv,AgroStats_chart-Вінницька область-Добрива-Пшениця_2010-2024 (3).csv,AgroStats_chart-Вінницька область-Добрива-Пшениця_2010-2024 Калійні.csv
vinnytsia,винница/AgroStats_chart-Вінницька область-Добрива-Кукурудза_2010-2024 (3).csv,data/raw/agrostats/vinnytsia/AgroStats_chart-Вінницька область-Добрива-Кукурудза_2010-2024 Калійні.csv,AgroStats_chart-Вінницька область-Добрива-Кукурудза_2010-2024 (3).csv,AgroStats_chart-Вінницька область-Добрива-Кукурудза_2010-2024 Калійні.csv
vinnytsia,винница/AgroStats_chart-Вінницька область-Добрива-Соняшник_2010-2024 (3).csv,data/raw/agrostats/vinnytsia/AgroStats_chart-Вінницька область-Добрива-Соняшник_2010-2024 Калійні.csv,AgroStats_chart-Вінницька область-Добрива-Соняшник_2010-2024 (3).csv,AgroStats_chart-Вінницька область-Добрива-Соняшник_2010-2024 Калійні.csv
vinnytsia,винница/AgroStats_chart-Вінницька область-Добрива-Буряк_2010-2024 (3).csv,data/raw/agrostats/vinnytsia/AgroStats_chart-Вінницька область-Добрива-Буряк_2010-2024 Калійні.csv,AgroStats_chart-Вінницька область-Добрива-Буряк_2010-2024 (3).csv,AgroStats_chart-Вінницька область-Добрива-Буряк_2010-2024 Калійні.csv
vinnytsia,винница/AgroStats_chart-Вінницька область-Добрива-Соя_2010-2024 (3).csv,data/raw/agrostats/vinnytsia/AgroStats_chart-Вінницька область-Добрива-Соя_2010-2024 Калійні.csv,AgroStats_chart-Вінницька область-Добрива-Соя_2010-2024 (3).csv,AgroStats_chart-Вінницька область-Добрива-Соя_2010-2024 Калійні.csv
vinnytsia,винница/AgroStats_chart-Вінницька область-Добрива-Ріпак_2010-2024 (3).csv,data/raw/agrostats/vinnytsia/AgroStats_chart-Вінницька область-Добрива-Ріпак_2010-2024 Калійні.csv,AgroStats_chart-Вінницька область-Добрива-Ріпак_2010-2024 (3).csv,AgroStats_chart-Вінницька область-Добрива-Ріпак_2010-2024 Калійні.csv
vinnytsia,винница/AgroStats_chart-Вінницька область-Добрива-Овочі_2010-2024 (3).csv,data/raw/agrostats/vinnytsia/AgroStats_chart-Вінницька область-Добрива-Овочі_2010-2024 Калійні.csv,AgroStats_chart-Вінницька область-Добрива-Овочі_2010-2024 (3).csv,AgroStats_chart-Вінницька область-Добрива-Овочі_2010-2024 Калійні.csv
vinnytsia,винница/AgroStats_chart-Вінницька область-Добрива-Картопля_2010-2024 (3).csv,data/raw/agrostats/vinnytsia/AgroStats_chart-Вінницька область-Добрива-Картопля_2010-2024 Калійні.csv,AgroStats_chart-Вінницька область-Добрива-Картопля_2010-2024 (3).csv,AgroStats_chart-Вінницька область-Добрива-Картопля_2010-2024 Калійні.csv
vinnytsia,винница/AgroStats_chart-Вінницька область-Добрива-Всі культури_2010-2024 (4).csv,data/raw/agrostats/vinnytsia/AgroStats_chart-Вінницька область-Добрива-Всі культури_2010-2024 Органічні.csv,AgroStats_chart-Вінницька область-Добрива-Всі культури_2010-2024 (4).csv,AgroStats_chart-Вінницька область-Добрива-Всі культури_2010-2024 Органічні.csv
vinnytsia,винница/AgroStats_chart-Вінницька область-Добрива-Зернові_2010-2024 (4).csv,data/raw/agrostats/vinnytsia/AgroStats_chart-Вінницька область-Добрива-Зернові_2010-2024 Органічні.csv,AgroStats_chart-Вінницька область-Добрива-Зернові_2010-2024 (4).csv,AgroStats_chart-Вінницька область-Добрива-Зернові_2010-2024 Органічні.csv
vinnytsia,винница/AgroStats_chart-Вінницька область-Добрива-Технічні_2010-2024 (4).csv,data/raw/agrostats/vinnytsia/AgroStats_chart-Вінницька область-Добрива-Технічні_2010-2024 Органічні.csv,AgroStats_chart-Вінницька область-Добрива-Технічні_2010-2024 (4).csv,AgroStats_chart-Вінницька область-Добрива-Технічні_2010-2024 Органічні.csv
vinnytsia,винница/AgroStats_chart-Вінницька область-Добрива-Кормові_2010-2024 (4).csv,data/raw/agrostats/vinnytsia/AgroStats_chart-Вінницька область-Добрива-Кормові_2010-2024 Органічні.csv,AgroStats_chart-Вінницька область-Добрива-Кормові_2010-2024 (4).csv,AgroStats_chart-Вінницька область-Добрива-Кормові_2010-2024 Органічні.csv
vinnytsia,винница/AgroStats_chart-Вінницька область-Добрива-Пшениця_2010-2024 (4).csv,data/raw/agrostats/vinnytsia/AgroStats_chart-Вінницька область-Добрива-Пшениця_2010-2024 Органічні.csv,AgroStats_chart-Вінницька область-Добрива-Пшениця_2010-2024 (4).csv,AgroStats_chart-Вінницька область-Добрива-Пшениця_2010-2024 Органічні.csv
vinnytsia,винница/AgroStats_chart-Вінницька область-Добрива-Кукурудза_2010-2024 (4).csv,data/raw/agrostats/vinnytsia/AgroStats_chart-Вінницька область-Добрива-Кукурудза_2010-2024 Органічні.csv,AgroStats_chart-Вінницька область-Добрива-Кукурудза_2010-2024 (4).csv,AgroStats_chart-Вінницька область-Добрива-Кукурудза_2010-2024 Органічні.csv
vinnytsia,винница/AgroStats_chart-Вінницька область-Добрива-Соняшник_2010-2024 (4).csv,data/raw/agrostats/vinnytsia/AgroStats_chart-Вінницька область-Добрива-Соняшник_2010-2024 Органічні.csv,AgroStats_chart-Вінницька область-Добрива-Соняшник_2010-2024 (4).csv,AgroStats_chart-Вінницька область-Добрива-Соняшник_2010-2024 Органічні.csv
vinnytsia,винница/AgroStats_chart-Вінницька область-Добрива-Буряк_2010-2024 (4).csv,data/raw/agrostats/vinnytsia/AgroStats_chart-Вінницька область-Добрива-Буряк_2010-2024 Органічні.csv,AgroStats_chart-Вінницька область-Добрива-Буряк_2010-2024 (4).csv,AgroStats_chart-Вінницька область-Добрива-Буряк_2010-2024 Органічні.csv
vinnytsia,винница/AgroStats_chart-Вінницька область-Добрива-Соя_2010-2024 (4).csv,data/raw/agrostats/vinnytsia/AgroStats_chart-Вінницька область-Добрива-Соя_2010-2024 Органічні.csv,AgroStats_chart-Вінницька область-Добрива-Соя_2010-2024 (4).csv,AgroStats_chart-Вінницька область-Добрива-Соя_2010-2024 Органічні.csv
vinnytsia,винница/AgroStats_chart-Вінницька область-Добрива-Ріпак_2010-2024 (4).csv,data/raw/agrostats/vinnytsia/AgroStats_chart-Вінницька область-Добрива-Ріпак_2010-2024 Органічні.csv,AgroStats_chart-Вінницька область-Добрива-Ріпак_2010-2024 (4).csv,AgroStats_chart-Вінницька область-Добрива-Ріпак_2010-2024 Органічні.csv
vinnytsia,винница/AgroStats_chart-Вінницька область-Добрива-Овочі_2010-2024 (4).csv,data/raw/agrostats/vinnytsia/AgroStats_chart-Вінницька область-Добрива-Овочі_2010-2024 Органічні.csv,AgroStats_chart-Вінницька область-Добрива-Овочі_2010-2024 (4).csv,AgroStats_chart-Вінницька область-Добрива-Овочі_2010-2024 Органічні.csv
vinnytsia,винница/AgroStats_chart-Вінницька область-Добрива-Картопля_2010-2024 (4).csv,data/raw/agrostats/vinnytsia/AgroStats_chart-Вінницька область-Добрива-Картопля_2010-2024 Органічні.csv,AgroStats_chart-Вінницька область-Добрива-Картопля_2010-2024 (4).csv,AgroStats_chart-Вінницька область-Добрива-Картопля_2010-2024 Органічні.csv
vinnytsia,винница/AgroStats_chart-Вінницька область-Зрошення_2010-2024.csv,data/raw/agrostats/vinnytsia/AgroStats_chart-Вінницька область-Зрошення_2010-2024.csv,AgroStats_chart-Вінницька область-Зрошення_2010-2024.csv,AgroStats_chart-Вінницька область-Зрошення_2010-2024.csv
cherkasy,черкасы/AgroStats_chart-Черкаська область-Урожайність-Зернові_2010-2024.csv,data/raw/agrostats/cherkasy/AgroStats_chart-Черкаська область-Урожайність-Зернові_2010-2024.csv,AgroStats_chart-Черкаська область-Урожайність-Зернові_2010-2024.csv,AgroStats_chart-Черкаська область-Урожайність-Зернові_2010-2024.csv
cherkasy,черкасы/AgroStats_chart-Черкаська область-Урожайність-Пшениця_2010-2024.csv,data/raw/agrostats/cherkasy/AgroStats_chart-Черкаська область-Урожайність-Пшениця_2010-2024.csv,AgroStats_chart-Черкаська область-Урожайність-Пшениця_2010-2024.csv,AgroStats_chart-Черкаська область-Урожайність-Пшениця_2010-2024.csv
cherkasy,черкасы/AgroStats_chart-Черкаська область-Урожайність-Ячмінь_2010-2024.csv,data/raw/agrostats/cherkasy/AgroStats_chart-Черкаська область-Урожайність-Ячмінь_2010-2024.csv,AgroStats_chart-Черкаська область-Урожайність-Ячмінь_2010-2024.csv,AgroStats_chart-Черкаська область-Урожайність-Ячмінь_2010-2024.csv
cherkasy,черкасы/AgroStats_chart-Черкаська область-Урожайність-Кукурудза_2010-2024.csv,data/raw/agrostats/cherkasy/AgroStats_chart-Черкаська область-Урожайність-Кукурудза_2010-2024.csv,AgroStats_chart-Черкаська область-Урожайність-Кукурудза_2010-2024.csv,AgroStats_chart-Черкаська область-Урожайність-Кукурудза_2010-2024.csv
cherkasy,черкасы/AgroStats_chart-Черкаська область-Урожайність-Жито_2010-2024.csv,data/raw/agrostats/cherkasy/AgroStats_chart-Черкаська область-Урожайність-Жито_2010-2024.csv,AgroStats_chart-Черкаська область-Урожайність-Жито_2010-2024.csv,AgroStats_chart-Черкаська область-Урожайність-Жито_2010-2024.csv
cherkasy,черкасы/AgroStats_chart-Черкаська область-Урожайність-Овес_2010-2024.csv,data/raw/agrostats/cherkasy/AgroStats_chart-Черкаська область-Урожайність-Овес_2010-2024.csv,AgroStats_chart-Черкаська область-Урожайність-Овес_2010-2024.csv,AgroStats_chart-Черкаська область-Урожайність-Овес_2010-2024.csv
cherkasy,черкасы/AgroStats_chart-Черкаська область-Урожайність-Соняшник_2010-2024.csv,data/raw/agrostats/cherkasy/AgroStats_chart-Черкаська область-Урожайність-Соняшник_2010-2024.csv,AgroStats_chart-Черкаська область-Урожайність-Соняшник_2010-2024.csv,AgroStats_chart-Черкаська область-Урожайність-Соняшник_2010-2024.csv
cherkasy,черкасы/AgroStats_chart-Черкаська область-Урожайність-Буряк_2010-2024.csv,data/raw/agrostats/cherkasy/AgroStats_chart-Черкаська область-Урожайність-Буряк_2010-2024.csv,AgroStats_chart-Черкаська область-Урожайність-Буряк_2010-2024.csv,AgroStats_chart-Черкаська область-Урожайність-Буряк_2010-2024.csv
cherkasy,черкасы/AgroStats_chart-Черкаська область-Урожайність-Соя_2010-2024.csv,data/raw/agrostats/cherkasy/AgroStats_chart-Черкаська область-Урожайність-Соя_2010-2024.csv,AgroStats_chart-Черкаська область-Урожайність-Соя_2010-2024.csv,AgroStats_chart-Черкаська область-Урожайність-Соя_2010-2024.csv
cherkasy,черкасы/AgroStats_chart-Черкаська область-Урожайність-Ріпак_2010-2024.csv,data/raw/agrostats/cherkasy/AgroStats_chart-Черкаська область-Урожайність-Ріпак_2010-2024.csv,AgroStats_chart-Черкаська область-Урожайність-Ріпак_2010-2024.csv,AgroStats_chart-Черкаська область-Урожайність-Ріпак_2010-2024.csv
cherkasy,черкасы/AgroStats_chart-Черкаська область-Урожайність-Овочі_2010-2024.csv,data/raw/agrostats/cherkasy/AgroStats_chart-Черкаська область-Урожайність-Овочі_2010-2024.csv,AgroStats_chart-Черкаська область-Урожайність-Овочі_2010-2024.csv,AgroStats_chart-Черкаська область-Урожайність-Овочі_2010-2024.csv
cherkasy,черкасы/AgroStats_chart-Черкаська область-Урожайність-Картопля_2010-2024.csv,data/raw/agrostats/cherkasy/AgroStats_chart-Черкаська область-Урожайність-Картопля_2010-2024.csv,AgroStats_chart-Черкаська область-Урожайність-Картопля_2010-2024.csv,AgroStats_chart-Черкаська область-Урожайність-Картопля_2010-2024.csv
cherkasy,черкасы/AgroStats_chart-Черкаська область-Урожайність-Фрукти_2010-2024.csv,data/raw/agrostats/cherkasy/AgroStats_chart-Черкаська область-Урожайність-Фрукти_2010-2024.csv,AgroStats_chart-Черкаська область-Урожайність-Фрукти_2010-2024.csv,AgroStats_chart-Черкаська область-Урожайність-Фрукти_2010-2024.csv
cherkasy,черкасы/AgroStats_chart-Черкаська область-Посівна площа-Всі культури_2010-2024.csv,data/raw/agrostats/cherkasy/AgroStats_chart-Черкаська область-Посівна площа-Всі культури_2010-2024.csv,AgroStats_chart-Черкаська область-Посівна площа-Всі культури_2010-2024.csv,AgroStats_chart-Черкаська область-Посівна площа-Всі культури_2010-2024.csv
cherkasy,черкасы/AgroStats_chart-Черкаська область-Посівна площа-Всі зернові культури_2010-2024.csv,data/raw/agrostats/cherkasy/AgroStats_chart-Черкаська область-Посівна площа-Всі зернові культури_2010-2024.csv,AgroStats_chart-Черкаська область-Посівна площа-Всі зернові культури_2010-2024.csv,AgroStats_chart-Черкаська область-Посівна площа-Всі зернові культури_2010-2024.csv
cherkasy,черкасы/AgroStats_chart-Черкаська область-Посівна площа-Пшениця_2010-2024.csv,data/raw/agrostats/cherkasy/AgroStats_chart-Черкаська область-Посівна площа-Пшениця_2010-2024.csv,AgroStats_chart-Черкаська область-Посівна площа-Пшениця_2010-2024.csv,AgroStats_chart-Черкаська область-Посівна площа-Пшениця_2010-2024.csv
cherkasy,черкасы/AgroStats_chart-Черкаська область-Посівна площа-Ячмінь_2010-2024.csv,data/raw/agrostats/cherkasy/AgroStats_chart-Черкаська область-Посівна площа-Ячмінь_2010-2024.csv,AgroStats_chart-Черкаська область-Посівна площа-Ячмінь_2010-2024.csv,AgroStats_chart-Черкаська область-Посівна площа-Ячмінь_2010-2024.csv
cherkasy,черкасы/AgroStats_chart-Черкаська область-Посівна площа-Кукурудза_2010-2024.csv,data/raw/agrostats/cherkasy/AgroStats_chart-Черкаська область-Посівна площа-Кукурудза_2010-2024.csv,AgroStats_chart-Черкаська область-Посівна площа-Кукурудза_2010-2024.csv,AgroStats_chart-Черкаська область-Посівна площа-Кукурудза_2010-2024.csv
cherkasy,черкасы/AgroStats_chart-Черкаська область-Посівна площа-Жито_2010-2024.csv,data/raw/agrostats/cherkasy/AgroStats_chart-Черкаська область-Посівна площа-Жито_2010-2024.csv,AgroStats_chart-Черкаська область-Посівна площа-Жито_2010-2024.csv,AgroStats_chart-Черкаська область-Посівна площа-Жито_2010-2024.csv
cherkasy,черкасы/AgroStats_chart-Черкаська область-Посівна площа-Овес_2010-2024.csv,data/raw/agrostats/cherkasy/AgroStats_chart-Черкаська область-Посівна площа-Овес_2010-2024.csv,AgroStats_chart-Черкаська область-Посівна площа-Овес_2010-2024.csv,AgroStats_chart-Черкаська область-Посівна площа-Овес_2010-2024.csv
cherkasy,черкасы/AgroStats_chart-Черкаська область-Посівна площа-Всі технічні культури_2010-2024.csv,data/raw/agrostats/cherkasy/AgroStats_chart-Черкаська область-Посівна площа-Всі технічні культури_2010-2024.csv,AgroStats_chart-Черкаська область-Посівна площа-Всі технічні культури_2010-2024.csv,AgroStats_chart-Черкаська область-Посівна площа-Всі технічні культури_2010-2024.csv
cherkasy,черкасы/AgroStats_chart-Черкаська область-Посівна площа-Соняшник_2010-2024.csv,data/raw/agrostats/cherkasy/AgroStats_chart-Черкаська область-Посівна площа-Соняшник_2010-2024.csv,AgroStats_chart-Черкаська область-Посівна площа-Соняшник_2010-2024.csv,AgroStats_chart-Черкаська область-Посівна площа-Соняшник_2010-2024.csv
cherkasy,черкасы/AgroStats_chart-Черкаська область-Посівна площа-Буряк_2010-2024.csv,data/raw/agrostats/cherkasy/AgroStats_chart-Черкаська область-Посівна площа-Буряк_2010-2024.csv,AgroStats_chart-Черкаська область-Посівна площа-Буряк_2010-2024.csv,AgroStats_chart-Черкаська область-Посівна площа-Буряк_2010-2024.csv
cherkasy,черкасы/AgroStats_chart-Черкаська область-Посівна площа-Соя_2010-2024.csv,data/raw/agrostats/cherkasy/AgroStats_chart-Черкаська область-Посівна площа-Соя_2010-2024.csv,AgroStats_chart-Черкаська область-Посівна площа-Соя_2010-2024.csv,AgroStats_chart-Черкаська область-Посівна площа-Соя_2010-2024.csv
cherkasy,черкасы/AgroStats_chart-Черкаська область-Посівна площа-Ріпак_2010-2024.csv,data/raw/agrostats/cherkasy/AgroStats_chart-Черкаська область-Посівна площа-Ріпак_2010-2024.csv,AgroStats_chart-Черкаська область-Посівна площа-Ріпак_2010-2024.csv,AgroStats_chart-Черкаська область-Посівна площа-Ріпак_2010-2024.csv
cherkasy,черкасы/AgroStats_chart-Черкаська область-Посівна площа-Всі овочі_2010-2024.csv,data/raw/agrostats/cherkasy/AgroStats_chart-Черкаська область-Посівна площа-Всі овочі_2010-2024.csv,AgroStats_chart-Черкаська область-Посівна площа-Всі овочі_2010-2024.csv,AgroStats_chart-Черкаська область-Посівна площа-Всі овочі_2010-2024.csv
cherkasy,черкасы/AgroStats_chart-Черкаська область-Посівна площа-Картопля_2010-2024.csv,data/raw/agrostats/cherkasy/AgroStats_chart-Черкаська область-Посівна площа-Картопля_2010-2024.csv,AgroStats_chart-Черкаська область-Посівна площа-Картопля_2010-2024.csv,AgroStats_chart-Черкаська область-Посівна площа-Картопля_2010-2024.csv
cherkasy,черкасы/AgroStats_chart-Черкаська область-Посівна площа-Овочі_2010-2024.csv,data/raw/agrostats/cherkasy/AgroStats_chart-Черкаська область-Посівна площа-Овочі_2010-2024.csv,AgroStats_chart-Черкаська область-Посівна площа-Овочі_2010-2024.csv,AgroStats_chart-Черкаська область-Посівна площа-Овочі_2010-2024.csv
cherkasy,черкасы/AgroStats_chart-Черкаська область-Посівна площа-Всі кормові_2010-2024.csv,data/raw/agrostats/cherkasy/AgroStats_chart-Черкаська область-Посівна площа-Всі кормові_2010-2024.csv,AgroStats_chart-Черкаська область-Посівна площа-Всі кормові_2010-2024.csv,AgroStats_chart-Черкаська область-Посівна площа-Всі кормові_2010-2024.csv
cherkasy,черкасы/AgroStats_chart-Черкаська область-Посівна площа-Всі фрукти_2010-2024.csv,data/raw/agrostats/cherkasy/AgroStats_chart-Черкаська область-Посівна площа-Всі фрукти_2010-2024.csv,AgroStats_chart-Черкаська область-Посівна площа-Всі фрукти_2010-2024.csv,AgroStats_chart-Черкаська область-Посівна площа-Всі фрукти_2010-2024.csv
cherkasy,черкасы/AgroStats_chart-Черкаська область-Добрива-Всі культури_2010-2024.csv,data/raw/agrostats/cherkasy/AgroStats_chart-Черкаська область-Добрива-Всі культури_2010-2024 Мінеральні.csv,AgroStats_chart-Черкаська область-Добрива-Всі культури_2010-2024.csv,AgroStats_chart-Черкаська область-Добрива-Всі культури_2010-2024 Мінеральні.csv
cherkasy,черкасы/AgroStats_chart-Черкаська область-Добрива-Зернові_2010-2024.csv,data/raw/agrostats/cherkasy/AgroStats_chart-Черкаська область-Добрива-Зернові_2010-2024 Мінеральні.csv,AgroStats_chart-Черкаська область-Добрива-Зернові_2010-2024.csv,AgroStats_chart-Черкаська область-Добрива-Зернові_2010-2024 Мінеральні.csv
cherkasy,черкасы/AgroStats_chart-Черкаська область-Добрива-Технічні_2010-2024.csv,data/raw/agrostats/cherkasy/AgroStats_chart-Черкаська область-Добрива-Технічні_2010-2024 Мінеральні.csv,AgroStats_chart-Черкаська область-Добрива-Технічні_2010-2024.csv,AgroStats_chart-Черкаська область-Добрива-Технічні_2010-2024 Мінеральні.csv
cherkasy,черкасы/AgroStats_chart-Черкаська область-Добрива-Кормові_2010-2024.csv,data/raw/agrostats/cherkasy/AgroStats_chart-Черкаська область-Добрива-Кормові_2010-2024 Мінеральні.csv,AgroStats_chart-Черкаська область-Добрива-Кормові_2010-2024.csv,AgroStats_chart-Черкаська область-Добрива-Кормові_2010-2024 Мінеральні.csv
cherkasy,черкасы/AgroStats_chart-Черкаська область-Добрива-Пшениця_2010-2024.csv,data/raw/agrostats/cherkasy/AgroStats_chart-Черкаська область-Добрива-Пшениця_2010-2024 Мінеральні.csv,AgroStats_chart-Черкаська область-Добрива-Пшениця_2010-2024.csv,AgroStats_chart-Черкаська область-Добрива-Пшениця_2010-2024 Мінеральні.csv
cherkasy,черкасы/AgroStats_chart-Черкаська область-Добрива-Кукурудза_2010-2024.csv,data/raw/agrostats/cherkasy/AgroStats_chart-Черкаська область-Добрива-Кукурудза_2010-2024 Мінеральні.csv,AgroStats_chart-Черкаська область-Добрива-Кукурудза_2010-2024.csv,AgroStats_chart-Черкаська область-Добрива-Кукурудза_2010-2024 Мінеральні.csv
cherkasy,черкасы/AgroStats_chart-Черкаська область-Добрива-Соняшник_2010-2024.csv,data/raw/agrostats/cherkasy/AgroStats_chart-Черкаська область-Добрива-Соняшник_2010-2024 Мінеральні.csv,AgroStats_chart-Черкаська область-Добрива-Соняшник_2010-2024.csv,AgroStats_chart-Черкаська область-Добрива-Соняшник_2010-2024 Мінеральні.csv
cherkasy,черкасы/AgroStats_chart-Черкаська область-Добрива-Буряк_2010-2024.csv,data/raw/agrostats/cherkasy/AgroStats_chart-Черкаська область-Добрива-Буряк_2010-2024 Мінеральні.csv,AgroStats_chart-Черкаська область-Добрива-Буряк_2010-2024.csv,AgroStats_chart-Черкаська область-Добрива-Буряк_2010-2024 Мінеральні.csv
cherkasy,черкасы/AgroStats_chart-Черкаська область-Добрива-Соя_2010-2024.csv,data/raw/agrostats/cherkasy/AgroStats_chart-Черкаська область-Добрива-Соя_2010-2024 Мінеральні.csv,AgroStats_chart-Черкаська область-Добрива-Соя_2010-2024.csv,AgroStats_chart-Черкаська область-Добрива-Соя_2010-2024 Мінеральні.csv
cherkasy,черкасы/AgroStats_chart-Черкаська область-Добрива-Ріпак_2010-2024.csv,data/raw/agrostats/cherkasy/AgroStats_chart-Черкаська область-Добрива-Ріпак_2010-2024 Мінеральні.csv,AgroStats_chart-Черкаська область-Добрива-Ріпак_2010-2024.csv,AgroStats_chart-Черкаська область-Добрива-Ріпак_2010-2024 Мінеральні.csv
cherkasy,черкасы/AgroStats_chart-Черкаська область-Добрива-Овочі_2010-2024.csv,data/raw/agrostats/cherkasy/AgroStats_chart-Черкаська область-Добрива-Овочі_2010-2024 Мінеральні.csv,AgroStats_chart-Черкаська область-Добрива-Овочі_2010-2024.csv,AgroStats_chart-Черкаська область-Добрива-Овочі_2010-2024 Мінеральні.csv
cherkasy,черкасы/AgroStats_chart-Черкаська область-Добрива-Картопля_2010-2024.csv,data/raw/agrostats/cherkasy/AgroStats_chart-Черкаська область-Добрива-Картопля_2010-2024 Мінеральні.csv,AgroStats_chart-Черкаська область-Добрива-Картопля_2010-2024.csv,AgroStats_chart-Черкаська область-Добрива-Картопля_2010-2024 Мінеральні.csv
cherkasy,черкасы/AgroStats_chart-Черкаська область-Добрива-Всі культури_2010-2024 (1).csv,data/raw/agrostats/cherkasy/AgroStats_chart-Черкаська область-Добрива-Всі культури_2010-2024 Азотні.csv,AgroStats_chart-Черкаська область-Добрива-Всі культури_2010-2024 (1).csv,AgroStats_chart-Черкаська область-Добрива-Всі культури_2010-2024 Азотні.csv
cherkasy,черкасы/AgroStats_chart-Черкаська область-Добрива-Зернові_2010-2024 (1).csv,data/raw/agrostats/cherkasy/AgroStats_chart-Черкаська область-Добрива-Зернові_2010-2024 Азотні.csv,AgroStats_chart-Черкаська область-Добрива-Зернові_2010-2024 (1).csv,AgroStats_chart-Черкаська область-Добрива-Зернові_2010-2024 Азотні.csv
cherkasy,черкасы/AgroStats_chart-Черкаська область-Добрива-Технічні_2010-2024 (1).csv,data/raw/agrostats/cherkasy/AgroStats_chart-Черкаська область-Добрива-Технічні_2010-2024 Азотні.csv,AgroStats_chart-Черкаська область-Добрива-Технічні_2010-2024 (1).csv,AgroStats_chart-Черкаська область-Добрива-Технічні_2010-2024 Азотні.csv
cherkasy,черкасы/AgroStats_chart-Черкаська область-Добрива-Кормові_2010-2024 (1).csv,data/raw/agrostats/cherkasy/AgroStats_chart-Черкаська область-Добрива-Кормові_2010-2024 Азотні.csv,AgroStats_chart-Черкаська область-Добрива-Кормові_2010-2024 (1).csv,AgroStats_chart-Черкаська область-Добрива-Кормові_2010-2024 Азотні.csv
cherkasy,черкасы/AgroStats_chart-Черкаська область-Добрива-Пшениця_2010-2024 (1).csv,data/raw/agrostats/cherkasy/AgroStats_chart-Черкаська область-Добрива-Пшениця_2010-2024 Азотні.csv,AgroStats_chart-Черкаська область-Добрива-Пшениця_2010-2024 (1).csv,AgroStats_chart-Черкаська область-Добрива-Пшениця_2010-2024 Азотні.csv
cherkasy,черкасы/AgroStats_chart-Черкаська область-Добрива-Кукурудза_2010-2024 (1).csv,data/raw/agrostats/cherkasy/AgroStats_chart-Черкаська область-Добрива-Кукурудза_2010-2024 Азотні.csv,AgroStats_chart-Черкаська область-Добрива-Кукурудза_2010-2024 (1).csv,AgroStats_chart-Черкаська область-Добрива-Кукурудза_2010-2024 Азотні.csv
cherkasy,черкасы/AgroStats_chart-Черкаська область-Добрива-Соняшник_2010-2024 (1).csv,data/raw/agrostats/cherkasy/AgroStats_chart-Черкаська область-Добрива-Соняшник_2010-2024 Азотні.csv,AgroStats_chart-Черкаська область-Добрива-Соняшник_2010-2024 (1).csv,AgroStats_chart-Черкаська область-Добрива-Соняшник_2010-2024 Азотні.csv
cherkasy,черкасы/AgroStats_chart-Черкаська область-Добрива-Буряк_2010-2024 (1).csv,data/raw/agrostats/cherkasy/AgroStats_chart-Черкаська область-Добрива-Буряк_2010-2024 Азотні.csv,AgroStats_chart-Черкаська область-Добрива-Буряк_2010-2024 (1).csv,AgroStats_chart-Черкаська область-Добрива-Буряк_2010-2024 Азотні.csv
cherkasy,черкасы/AgroStats_chart-Черкаська область-Добрива-Соя_2010-2024 (1).csv,data/raw/agrostats/cherkasy/AgroStats_chart-Черкаська область-Добрива-Соя_2010-2024 Азотні.csv,AgroStats_chart-Черкаська область-Добрива-Соя_2010-2024 (1).csv,AgroStats_chart-Черкаська область-Добрива-Соя_2010-2024 Азотні.csv
cherkasy,черкасы/AgroStats_chart-Черкаська область-Добрива-Ріпак_2010-2024 (1).csv,data/raw/agrostats/cherkasy/AgroStats_chart-Черкаська область-Добрива-Ріпак_2010-2024 Азотні.csv,AgroStats_chart-Черкаська область-Добрива-Ріпак_2010-2024 (1).csv,AgroStats_chart-Черкаська область-Добрива-Ріпак_2010-2024 Азотні.csv
cherkasy,черкасы/AgroStats_chart-Черкаська область-Добрива-Овочі_2010-2024 (1).csv,data/raw/agrostats/cherkasy/AgroStats_chart-Черкаська область-Добрива-Овочі_2010-2024 Азотні.csv,AgroStats_chart-Черкаська область-Добрива-Овочі_2010-2024 (1).csv,AgroStats_chart-Черкаська область-Добрива-Овочі_2010-2024 Азотні.csv
cherkasy,черкасы/AgroStats_chart-Черкаська область-Добрива-Картопля_2010-2024 (1).csv,data/raw/agrostats/cherkasy/AgroStats_chart-Черкаська область-Добрива-Картопля_2010-2024 Азотні.csv,AgroStats_chart-Черкаська область-Добрива-Картопля_2010-2024 (1).csv,AgroStats_chart-Черкаська область-Добрива-Картопля_2010-2024 Азотні.csv
cherkasy,черкасы/AgroStats_chart-Черкаська область-Добрива-Всі культури_2010-2024 (2).csv,data/raw/agrostats/cherkasy/AgroStats_chart-Черкаська область-Добрива-Всі культури_2010-2024 Фосфорні.csv,AgroStats_chart-Черкаська область-Добрива-Всі культури_2010-2024 (2).csv,AgroStats_chart-Черкаська область-Добрива-Всі культури_2010-2024 Фосфорні.csv
cherkasy,черкасы/AgroStats_chart-Черкаська область-Добрива-Зернові_2010-2024 (2).csv,data/raw/agrostats/cherkasy/AgroStats_chart-Черкаська область-Добрива-Зернові_2010-2024 Фосфорні.csv,AgroStats_chart-Черкаська область-Добрива-Зернові_2010-2024 (2).csv,AgroStats_chart-Черкаська область-Добрива-Зернові_2010-2024 Фосфорні.csv
cherkasy,черкасы/AgroStats_chart-Черкаська область-Добрива-Технічні_2010-2024 (2).csv,data/raw/agrostats/cherkasy/AgroStats_chart-Черкаська область-Добрива-Технічні_2010-2024 Фосфорні.csv,AgroStats_chart-Черкаська область-Добрива-Технічні_2010-2024 (2).csv,AgroStats_chart-Черкаська область-Добрива-Технічні_2010-2024 Фосфорні.csv
cherkasy,черкасы/AgroStats_chart-Черкаська область-Добрива-Кормові_2010-2024 (2).csv,data/raw/agrostats/cherkasy/AgroStats_chart-Черкаська область-Добрива-Кормові_2010-2024 Фосфорні.csv,AgroStats_chart-Черкаська область-Добрива-Кормові_2010-2024 (2).csv,AgroStats_chart-Черкаська область-Добрива-Кормові_2010-2024 Фосфорні.csv
cherkasy,черкасы/AgroStats_chart-Черкаська область-Добрива-Пшениця_2010-2024 (2).csv,data/raw/agrostats/cherkasy/AgroStats_chart-Черкаська область-Добрива-Пшениця_2010-2024 Фосфорні.csv,AgroStats_chart-Черкаська область-Добрива-Пшениця_2010-2024 (2).csv,AgroStats_chart-Черкаська область-Добрива-Пшениця_2010-2024 Фосфорні.csv
cherkasy,черкасы/AgroStats_chart-Черкаська область-Добрива-Кукурудза_2010-2024 (2).csv,data/raw/agrostats/cherkasy/AgroStats_chart-Черкаська область-Добрива-Кукурудза_2010-2024 Фосфорні.csv,AgroStats_chart-Черкаська область-Добрива-Кукурудза_2010-2024 (2).csv,AgroStats_chart-Черкаська область-Добрива-Кукурудза_2010-2024 Фосфорні.csv
cherkasy,черкасы/AgroStats_chart-Черкаська область-Добрива-Соняшник_2010-2024 (2).csv,data/raw/agrostats/cherkasy/AgroStats_chart-Черкаська область-Добрива-Соняшник_2010-2024 Фосфорні.csv,AgroStats_chart-Черкаська область-Добрива-Соняшник_2010-2024 (2).csv,AgroStats_chart-Черкаська область-Добрива-Соняшник_2010-2024 Фосфорні.csv
cherkasy,черкасы/AgroStats_chart-Черкаська область-Добрива-Буряк_2010-2024 (2).csv,data/raw/agrostats/cherkasy/AgroStats_chart-Черкаська область-Добрива-Буряк_2010-2024 Фосфорні.csv,AgroStats_chart-Черкаська область-Добрива-Буряк_2010-2024 (2).csv,AgroStats_chart-Черкаська область-Добрива-Буряк_2010-2024 Фосфорні.csv
cherkasy,черкасы/AgroStats_chart-Черкаська область-Добрива-Соя_2010-2024 (2).csv,data/raw/agrostats/cherkasy/AgroStats_chart-Черкаська область-Добрива-Соя_2010-2024 Фосфорні.csv,AgroStats_chart-Черкаська область-Добрива-Соя_2010-2024 (2).csv,AgroStats_chart-Черкаська область-Добрива-Соя_2010-2024 Фосфорні.csv
cherkasy,черкасы/AgroStats_chart-Черкаська область-Добрива-Ріпак_2010-2024 (2).csv,data/raw/agrostats/cherkasy/AgroStats_chart-Черкаська область-Добрива-Ріпак_2010-2024 Фосфорні.csv,AgroStats_chart-Черкаська область-Добрива-Ріпак_2010-2024 (2).csv,AgroStats_chart-Черкаська область-Добрива-Ріпак_2010-2024 Фосфорні.csv
cherkasy,черкасы/AgroStats_chart-Черкаська область-Добрива-Овочі_2010-2024 (2).csv,data/raw/agrostats/cherkasy/AgroStats_chart-Черкаська область-Добрива-Овочі_2010-2024 Фосфорні.csv,AgroStats_chart-Черкаська область-Добрива-Овочі_2010-2024 (2).csv,AgroStats_chart-Черкаська область-Добрива-Овочі_2010-2024 Фосфорні.csv
cherkasy,черкасы/AgroStats_chart-Черкаська область-Добрива-Картопля_2010-2024 (2).csv,data/raw/agrostats/cherkasy/AgroStats_chart-Черкаська область-Добрива-Картопля_2010-2024 Фосфорні.csv,AgroStats_chart-Черкаська область-Добрива-Картопля_2010-2024 (2).csv,AgroStats_chart-Черкаська область-Добрива-Картопля_2010-2024 Фосфорні.csv
cherkasy,черкасы/AgroStats_chart-Черкаська область-Добрива-Всі культури_2010-2024 (3).csv,data/raw/agrostats/cherkasy/AgroStats_chart-Черкаська область-Добрива-Всі культури_2010-2024 Калійні.csv,AgroStats_chart-Черкаська область-Добрива-Всі культури_2010-2024 (3).csv,AgroStats_chart-Черкаська область-Добрива-Всі культури_2010-2024 Калійні.csv
cherkasy,черкасы/AgroStats_chart-Черкаська область-Добрива-Зернові_2010-2024 (3).csv,data/raw/agrostats/cherkasy/AgroStats_chart-Черкаська область-Добрива-Зернові_2010-2024 Калійні.csv,AgroStats_chart-Черкаська область-Добрива-Зернові_2010-2024 (3).csv,AgroStats_chart-Черкаська область-Добрива-Зернові_2010-2024 Калійні.csv
cherkasy,черкасы/AgroStats_chart-Черкаська область-Добрива-Технічні_2010-2024 (3).csv,data/raw/agrostats/cherkasy/AgroStats_chart-Черкаська область-Добрива-Технічні_2010-2024 Калійні.csv,AgroStats_chart-Черкаська область-Добрива-Технічні_2010-2024 (3).csv,AgroStats_chart-Черкаська область-Добрива-Технічні_2010-2024 Калійні.csv
cherkasy,черкасы/AgroStats_chart-Черкаська область-Добрива-Кормові_2010-2024 (3).csv,data/raw/agrostats/cherkasy/AgroStats_chart-Черкаська область-Добрива-Кормові_2010-2024 Калійні.csv,AgroStats_chart-Черкаська область-Добрива-Кормові_2010-2024 (3).csv,AgroStats_chart-Черкаська область-Добрива-Кормові_2010-2024 Калійні.csv
cherkasy,черкасы/AgroStats_chart-Черкаська область-Добрива-Пшениця_2010-2024 (3).csv,data/raw/agrostats/cherkasy/AgroStats_chart-Черкаська область-Добрива-Пшениця_2010-2024 Калійні.csv,AgroStats_chart-Черкаська область-Добрива-Пшениця_2010-2024 (3).csv,AgroStats_chart-Черкаська область-Добрива-Пшениця_2010-2024 Калійні.csv
cherkasy,черкасы/AgroStats_chart-Черкаська область-Добрива-Кукурудза_2010-2024 (3).csv,data/raw/agrostats/cherkasy/AgroStats_chart-Черкаська область-Добрива-Кукурудза_2010-2024 Калійні.csv,AgroStats_chart-Черкаська область-Добрива-Кукурудза_2010-2024 (3).csv,AgroStats_chart-Черкаська область-Добрива-Кукурудза_2010-2024 Калійні.csv
cherkasy,черкасы/AgroStats_chart-Черкаська область-Добрива-Соняшник_2010-2024 (3).csv,data/raw/agrostats/cherkasy/AgroStats_chart-Черкаська область-Добрива-Соняшник_2010-2024 Калійні.csv,AgroStats_chart-Черкаська область-Добрива-Соняшник_2010-2024 (3).csv,AgroStats_chart-Черкаська область-Добрива-Соняшник_2010-2024 Калійні.csv
cherkasy,черкасы/AgroStats_chart-Черкаська область-Добрива-Буряк_2010-2024 (3).csv,data/raw/agrostats/cherkasy/AgroStats_chart-Черкаська область-Добрива-Буряк_2010-2024 Калійні.csv,AgroStats_chart-Черкаська область-Добрива-Буряк_2010-2024 (3).csv,AgroStats_chart-Черкаська область-Добрива-Буряк_2010-2024 Калійні.csv
cherkasy,черкасы/AgroStats_chart-Черкаська область-Добрива-Соя_2010-2024 (3).csv,data/raw/agrostats/cherkasy/AgroStats_chart-Черкаська область-Добрива-Соя_2010-2024 Калійні.csv,AgroStats_chart-Черкаська область-Добрива-Соя_2010-2024 (3).csv,AgroStats_chart-Черкаська область-Добрива-Соя_2010-2024 Калійні.csv
cherkasy,черкасы/AgroStats_chart-Черкаська область-Добрива-Ріпак_2010-2024 (3).csv,data/raw/agrostats/cherkasy/AgroStats_chart-Черкаська область-Добрива-Ріпак_2010-2024 Калійні.csv,AgroStats_chart-Черкаська область-Добрива-Ріпак_2010-2024 (3).csv,AgroStats_chart-Черкаська область-Добрива-Ріпак_2010-2024 Калійні.csv
cherkasy,черкасы/AgroStats_chart-Черкаська область-Добрива-Овочі_2010-2024 (3).csv,data/raw/agrostats/cherkasy/AgroStats_chart-Черкаська область-Добрива-Овочі_2010-2024 Калійні.csv,AgroStats_chart-Черкаська область-Добрива-Овочі_2010-2024 (3).csv,AgroStats_chart-Черкаська область-Добрива-Овочі_2010-2024 Калійні.csv
cherkasy,черкасы/AgroStats_chart-Черкаська область-Добрива-Картопля_2010-2024 (3).csv,data/raw/agrostats/cherkasy/AgroStats_chart-Черкаська область-Добрива-Картопля_2010-2024 Калійні.csv,AgroStats_chart-Черкаська область-Добрива-Картопля_2010-2024 (3).csv,AgroStats_chart-Черкаська область-Добрива-Картопля_2010-2024 Калійні.csv
cherkasy,черкасы/AgroStats_chart-Черкаська область-Добрива-Всі культури_2010-2024 (4).csv,data/raw/agrostats/cherkasy/AgroStats_chart-Черкаська область-Добрива-Всі культури_2010-2024 Органічні.csv,AgroStats_chart-Черкаська область-Добрива-Всі культури_2010-2024 (4).csv,AgroStats_chart-Черкаська область-Добрива-Всі культури_2010-2024 Органічні.csv
cherkasy,черкасы/AgroStats_chart-Черкаська область-Добрива-Зернові_2010-2024 (4).csv,data/raw/agrostats/cherkasy/AgroStats_chart-Черкаська область-Добрива-Зернові_2010-2024 Органічні.csv,AgroStats_chart-Черкаська область-Добрива-Зернові_2010-2024 (4).csv,AgroStats_chart-Черкаська область-Добрива-Зернові_2010-2024 Органічні.csv
cherkasy,черкасы/AgroStats_chart-Черкаська область-Добрива-Технічні_2010-2024 (4).csv,data/raw/agrostats/cherkasy/AgroStats_chart-Черкаська область-Добрива-Технічні_2010-2024 Органічні.csv,AgroStats_chart-Черкаська область-Добрива-Технічні_2010-2024 (4).csv,AgroStats_chart-Черкаська область-Добрива-Технічні_2010-2024 Органічні.csv
cherkasy,черкасы/AgroStats_chart-Черкаська область-Добрива-Кормові_2010-2024 (4).csv,data/raw/agrostats/cherkasy/AgroStats_chart-Черкаська область-Добрива-Кормові_2010-2024 Органічні.csv,AgroStats_chart-Черкаська область-Добрива-Кормові_2010-2024 (4).csv,AgroStats_chart-Черкаська область-Добрива-Кормові_2010-2024 Органічні.csv
cherkasy,черкасы/AgroStats_chart-Черкаська область-Добрива-Пшениця_2010-2024 (4).csv,data/raw/agrostats/cherkasy/AgroStats_chart-Черкаська область-Добрива-Пшениця_2010-2024 Органічні.csv,AgroStats_chart-Черкаська область-Добрива-Пшениця_2010-2024 (4).csv,AgroStats_chart-Черкаська область-Добрива-Пшениця_2010-2024 Органічні.csv
cherkasy,черкасы/AgroStats_chart-Черкаська область-Добрива-Кукурудза_2010-2024 (4).csv,data/raw/agrostats/cherkasy/AgroStats_chart-Черкаська область-Добрива-Кукурудза_2010-2024 Органічні.csv,AgroStats_chart-Черкаська область-Добрива-Кукурудза_2010-2024 (4).csv,AgroStats_chart-Черкаська область-Добрива-Кукурудза_2010-2024 Органічні.csv
cherkasy,черкасы/AgroStats_chart-Черкаська область-Добрива-Соняшник_2010-2024 (4).csv,data/raw/agrostats/cherkasy/AgroStats_chart-Черкаська область-Добрива-Соняшник_2010-2024 Органічні.csv,AgroStats_chart-Черкаська область-Добрива-Соняшник_2010-2024 (4).csv,AgroStats_chart-Черкаська область-Добрива-Соняшник_2010-2024 Органічні.csv
cherkasy,черкасы/AgroStats_chart-Черкаська область-Добрива-Буряк_2010-2024 (4).csv,data/raw/agrostats/cherkasy/AgroStats_chart-Черкаська область-Добрива-Буряк_2010-2024 Органічні.csv,AgroStats_chart-Черкаська область-Добрива-Буряк_2010-2024 (4).csv,AgroStats_chart-Черкаська область-Добрива-Буряк_2010-2024 Органічні.csv
cherkasy,черкасы/AgroStats_chart-Черкаська область-Добрива-Соя_2010-2024 (4).csv,data/raw/agrostats/cherkasy/AgroStats_chart-Черкаська область-Добрива-Соя_2010-2024 Органічні.csv,AgroStats_chart-Черкаська область-Добрива-Соя_2010-2024 (4).csv,AgroStats_chart-Черкаська область-Добрива-Соя_2010-2024 Органічні.csv
cherkasy,черкасы/AgroStats_chart-Черкаська область-Добрива-Ріпак_2010-2024 (4).csv,data/raw/agrostats/cherkasy/AgroStats_chart-Черкаська область-Добрива-Ріпак_2010-2024 Органічні.csv,AgroStats_chart-Черкаська область-Добрива-Ріпак_2010-2024 (4).csv,AgroStats_chart-Черкаська область-Добрива-Ріпак_2010-2024 Органічні.csv
cherkasy,черкасы/AgroStats_chart-Черкаська область-Добрива-Овочі_2010-2024 (4).csv,data/raw/agrostats/cherkasy/AgroStats_chart-Черкаська область-Добрива-Овочі_2010-2024 Органічні.csv,AgroStats_chart-Черкаська область-Добрива-Овочі_2010-2024 (4).csv,AgroStats_chart-Черкаська область-Добрива-Овочі_2010-2024 Органічні.csv
cherkasy,черкасы/AgroStats_chart-Черкаська область-Добрива-Картопля_2010-2024 (4).csv,data/raw/agrostats/cherkasy/AgroStats_chart-Черкаська область-Добрива-Картопля_2010-2024 Органічні.csv,AgroStats_chart-Черкаська область-Добрива-Картопля_2010-2024 (4).csv,AgroStats_chart-Черкаська область-Добрива-Картопля_2010-2024 Органічні.csv
cherkasy,черкасы/AgroStats_chart-Черкаська область-Зрошення_2010-2024.csv,data/raw/agrostats/cherkasy/AgroStats_chart-Черкаська область-Зрошення_2010-2024.csv,AgroStats_chart-Черкаська область-Зрошення_2010-2024.csv,AgroStats_chart-Черкаська область-Зрошення_2010-2024.csv
ukraine,украина/AgroStats_chart-Україна-Урожайність-Зернові_2010-2024.csv,data/raw/agrostats/ukraine/AgroStats_chart-Україна-Урожайність-Зернові_2010-2024.csv,AgroStats_chart-Україна-Урожайність-Зернові_2010-2024.csv,AgroStats_chart-Україна-Урожайність-Зернові_2010-2024.csv
ukraine,украина/AgroStats_chart-Україна-Урожайність-Пшениця_2010-2024.csv,data/raw/agrostats/ukraine/AgroStats_chart-Україна-Урожайність-Пшениця_2010-2024.csv,AgroStats_chart-Україна-Урожайність-Пшениця_2010-2024.csv,AgroStats_chart-Україна-Урожайність-Пшениця_2010-2024.csv
ukraine,украина/AgroStats_chart-Україна-Урожайність-Ячмінь_2010-2024.csv,data/raw/agrostats/ukraine/AgroStats_chart-Україна-Урожайність-Ячмінь_2010-2024.csv,AgroStats_chart-Україна-Урожайність-Ячмінь_2010-2024.csv,AgroStats_chart-Україна-Урожайність-Ячмінь_2010-2024.csv
ukraine,украина/AgroStats_chart-Україна-Урожайність-Кукурудза_2010-2024.csv,data/raw/agrostats/ukraine/AgroStats_chart-Україна-Урожайність-Кукурудза_2010-2024.csv,AgroStats_chart-Україна-Урожайність-Кукурудза_2010-2024.csv,AgroStats_chart-Україна-Урожайність-Кукурудза_2010-2024.csv
ukraine,украина/AgroStats_chart-Україна-Урожайність-Жито_2010-2024.csv,data/raw/agrostats/ukraine/AgroStats_chart-Україна-Урожайність-Жито_2010-2024.csv,AgroStats_chart-Україна-Урожайність-Жито_2010-2024.csv,AgroStats_chart-Україна-Урожайність-Жито_2010-2024.csv
ukraine,украина/AgroStats_chart-Україна-Урожайність-Овес_2010-2024.csv,data/raw/agrostats/ukraine/AgroStats_chart-Україна-Урожайність-Овес_2010-2024.csv,AgroStats_chart-Україна-Урожайність-Овес_2010-2024.csv,AgroStats_chart-Україна-Урожайність-Овес_2010-2024.csv
ukraine,украина/AgroStats_chart-Україна-Урожайність-Соняшник_2010-2024.csv,data/raw/agrostats/ukraine/AgroStats_chart-Україна-Урожайність-Соняшник_2010-2024.csv,AgroStats_chart-Україна-Урожайність-Соняшник_2010-2024.csv,AgroStats_chart-Україна-Урожайність-Соняшник_2010-2024.csv
ukraine,украина/AgroStats_chart-Україна-Урожайність-Буряк_2010-2024.csv,data/raw/agrostats/ukraine/AgroStats_chart-Україна-Урожайність-Буряк_2010-2024.csv,AgroStats_chart-Україна-Урожайність-Буряк_2010-2024.csv,AgroStats_chart-Україна-Урожайність-Буряк_2010-2024.csv
ukraine,украина/AgroStats_chart-Україна-Урожайність-Соя_2010-2024.csv,data/raw/agrostats/ukraine/AgroStats_chart-Україна-Урожайність-Соя_2010-2024.csv,AgroStats_chart-Україна-Урожайність-Соя_2010-2024.csv,AgroStats_chart-Україна-Урожайність-Соя_2010-2024.csv
ukraine,украина/AgroStats_chart-Україна-Урожайність-Ріпак_2010-2024.csv,data/raw/agrostats/ukraine/AgroStats_chart-Україна-Урожайність-Ріпак_2010-2024.csv,AgroStats_chart-Україна-Урожайність-Ріпак_2010-2024.csv,AgroStats_chart-Україна-Урожайність-Ріпак_2010-2024.csv
ukraine,украина/AgroStats_chart-Україна-Урожайність-Овочі_2010-2024.csv,data/raw/agrostats/ukraine/AgroStats_chart-Україна-Урожайність-Овочі_2010-2024.csv,AgroStats_chart-Україна-Урожайність-Овочі_2010-2024.csv,AgroStats_chart-Україна-Урожайність-Овочі_2010-2024.csv
ukraine,украина/AgroStats_chart-Україна-Урожайність-Картопля_2010-2024.csv,data/raw/agrostats/ukraine/AgroStats_chart-Україна-Урожайність-Картопля_2010-2024.csv,AgroStats_chart-Україна-Урожайність-Картопля_2010-2024.csv,AgroStats_chart-Україна-Урожайність-Картопля_2010-2024.csv
ukraine,украина/AgroStats_chart-Україна-Урожайність-Фрукти_2010-2024.csv,data/raw/agrostats/ukraine/AgroStats_chart-Україна-Урожайність-Фрукти_2010-2024.csv,AgroStats_chart-Україна-Урожайність-Фрукти_2010-2024.csv,AgroStats_chart-Україна-Урожайність-Фрукти_2010-2024.csv
ukraine,украина/AgroStats_chart-Україна-Посівна площа-Всі культури_2010-2024.csv,data/raw/agrostats/ukraine/AgroStats_chart-Україна-Посівна площа-Всі культури_2010-2024.csv,AgroStats_chart-Україна-Посівна площа-Всі культури_2010-2024.csv,AgroStats_chart-Україна-Посівна площа-Всі культури_2010-2024.csv
ukraine,украина/AgroStats_chart-Україна-Посівна площа-Всі зернові культури_2010-2024.csv,data/raw/agrostats/ukraine/AgroStats_chart-Україна-Посівна площа-Всі зернові культури_2010-2024.csv,AgroStats_chart-Україна-Посівна площа-Всі зернові культури_2010-2024.csv,AgroStats_chart-Україна-Посівна площа-Всі зернові культури_2010-2024.csv
ukraine,украина/AgroStats_chart-Україна-Посівна площа-Пшениця_2010-2024.csv,data/raw/agrostats/ukraine/AgroStats_chart-Україна-Посівна площа-Пшениця_2010-2024.csv,AgroStats_chart-Україна-Посівна площа-Пшениця_2010-2024.csv,AgroStats_chart-Україна-Посівна площа-Пшениця_2010-2024.csv
ukraine,украина/AgroStats_chart-Україна-Посівна площа-Ячмінь_2010-2024.csv,data/raw/agrostats/ukraine/AgroStats_chart-Україна-Посівна площа-Ячмінь_2010-2024.csv,AgroStats_chart-Україна-Посівна площа-Ячмінь_2010-2024.csv,AgroStats_chart-Україна-Посівна площа-Ячмінь_2010-2024.csv
ukraine,украина/AgroStats_chart-Україна-Посівна площа-Кукурудза_2010-2024.csv,data/raw/agrostats/ukraine/AgroStats_chart-Україна-Посівна площа-Кукурудза_2010-2024.csv,AgroStats_chart-Україна-Посівна площа-Кукурудза_2010-2024.csv,AgroStats_chart-Україна-Посівна площа-Кукурудза_2010-2024.csv
ukraine,украина/AgroStats_chart-Україна-Посівна площа-Жито_2010-2024.csv,data/raw/agrostats/ukraine/AgroStats_chart-Україна-Посівна площа-Жито_2010-2024.csv,AgroStats_chart-Україна-Посівна площа-Жито_2010-2024.csv,AgroStats_chart-Україна-Посівна площа-Жито_2010-2024.csv
ukraine,украина/AgroStats_chart-Україна-Посівна площа-Овес_2010-2024.csv,data/raw/agrostats/ukraine/AgroStats_chart-Україна-Посівна площа-Овес_2010-2024.csv,AgroStats_chart-Україна-Посівна площа-Овес_2010-2024.csv,AgroStats_chart-Україна-Посівна площа-Овес_2010-2024.csv
ukraine,украина/AgroStats_chart-Україна-Посівна площа-Всі технічні культури_2010-2024.csv,data/raw/agrostats/ukraine/AgroStats_chart-Україна-Посівна площа-Всі технічні культури_2010-2024.csv,AgroStats_chart-Україна-Посівна площа-Всі технічні культури_2010-2024.csv,AgroStats_chart-Україна-Посівна площа-Всі технічні культури_2010-2024.csv
ukraine,украина/AgroStats_chart-Україна-Посівна площа-Соняшник_2010-2024.csv,data/raw/agrostats/ukraine/AgroStats_chart-Україна-Посівна площа-Соняшник_2010-2024.csv,AgroStats_chart-Україна-Посівна площа-Соняшник_2010-2024.csv,AgroStats_chart-Україна-Посівна площа-Соняшник_2010-2024.csv
ukraine,украина/AgroStats_chart-Україна-Посівна площа-Буряк_2010-2024.csv,data/raw/agrostats/ukraine/AgroStats_chart-Україна-Посівна площа-Буряк_2010-2024.csv,AgroStats_chart-Україна-Посівна площа-Буряк_2010-2024.csv,AgroStats_chart-Україна-Посівна площа-Буряк_2010-2024.csv
ukraine,украина/AgroStats_chart-Україна-Посівна площа-Соя_2010-2024.csv,data/raw/agrostats/ukraine/AgroStats_chart-Україна-Посівна площа-Соя_2010-2024.csv,AgroStats_chart-Україна-Посівна площа-Соя_2010-2024.csv,AgroStats_chart-Україна-Посівна площа-Соя_2010-2024.csv
ukraine,украина/AgroStats_chart-Україна-Посівна площа-Ріпак_2010-2024.csv,data/raw/agrostats/ukraine/AgroStats_chart-Україна-Посівна площа-Ріпак_2010-2024.csv,AgroStats_chart-Україна-Посівна площа-Ріпак_2010-2024.csv,AgroStats_chart-Україна-Посівна площа-Ріпак_2010-2024.csv
ukraine,украина/AgroStats_chart-Україна-Посівна площа-Всі овочі_2010-2024.csv,data/raw/agrostats/ukraine/AgroStats_chart-Україна-Посівна площа-Всі овочі_2010-2024.csv,AgroStats_chart-Україна-Посівна площа-Всі овочі_2010-2024.csv,AgroStats_chart-Україна-Посівна площа-Всі овочі_2010-2024.csv
ukraine,украина/AgroStats_chart-Україна-Посівна площа-Картопля_2010-2024.csv,data/raw/agrostats/ukraine/AgroStats_chart-Україна-Посівна площа-Картопля_2010-2024.csv,AgroStats_chart-Україна-Посівна площа-Картопля_2010-2024.csv,AgroStats_chart-Україна-Посівна площа-Картопля_2010-2024.csv
ukraine,украина/AgroStats_chart-Україна-Посівна площа-Овочі_2010-2024.csv,data/raw/agrostats/ukraine/AgroStats_chart-Україна-Посівна площа-Овочі_2010-2024.csv,AgroStats_chart-Україна-Посівна площа-Овочі_2010-2024.csv,AgroStats_chart-Україна-Посівна площа-Овочі_2010-2024.csv
ukraine,украина/AgroStats_chart-Україна-Посівна площа-Всі кормові_2010-2024.csv,data/raw/agrostats/ukraine/AgroStats_chart-Україна-Посівна площа-Всі кормові_2010-2024.csv,AgroStats_chart-Україна-Посівна площа-Всі кормові_2010-2024.csv,AgroStats_chart-Україна-Посівна площа-Всі кормові_2010-2024.csv
ukraine,украина/AgroStats_chart-Україна-Посівна площа-Всі фрукти_2010-2024.csv,data/raw/agrostats/ukraine/AgroStats_chart-Україна-Посівна площа-Всі фрукти_2010-2024.csv,AgroStats_chart-Україна-Посівна площа-Всі фрукти_2010-2024.csv,AgroStats_chart-Україна-Посівна площа-Всі фрукти_2010-2024.csv
ukraine,украина/AgroStats_chart-Україна-Добрива-Всі культури_2010-2024.csv,data/raw/agrostats/ukraine/AgroStats_chart-Україна-Добрива-Всі культури_2010-2024 Мінеральні.csv,AgroStats_chart-Україна-Добрива-Всі культури_2010-2024.csv,AgroStats_chart-Україна-Добрива-Всі культури_2010-2024 Мінеральні.csv
ukraine,украина/AgroStats_chart-Україна-Добрива-Технічні_2010-2024.csv,data/raw/agrostats/ukraine/AgroStats_chart-Україна-Добрива-Технічні_2010-2024 Мінеральні.csv,AgroStats_chart-Україна-Добрива-Технічні_2010-2024.csv,AgroStats_chart-Україна-Добрива-Технічні_2010-2024 Мінеральні.csv
ukraine,украина/AgroStats_chart-Україна-Добрива-Кормові_2010-2024.csv,data/raw/agrostats/ukraine/AgroStats_chart-Україна-Добрива-Кормові_2010-2024 Мінеральні.csv,AgroStats_chart-Україна-Добрива-Кормові_2010-2024.csv,AgroStats_chart-Україна-Добрива-Кормові_2010-2024 Мінеральні.csv
ukraine,украина/AgroStats_chart-Україна-Добрива-Пшениця_2010-2024.csv,data/raw/agrostats/ukraine/AgroStats_chart-Україна-Добрива-Пшениця_2010-2024 Мінеральні.csv,AgroStats_chart-Україна-Добрива-Пшениця_2010-2024.csv,AgroStats_chart-Україна-Добрива-Пшениця_2010-2024 Мінеральні.csv
ukraine,украина/AgroStats_chart-Україна-Добрива-Кукурудза_2010-2024.csv,data/raw/agrostats/ukraine/AgroStats_chart-Україна-Добрива-Кукурудза_2010-2024 Мінеральні.csv,AgroStats_chart-Україна-Добрива-Кукурудза_2010-2024.csv,AgroStats_chart-Україна-Добрива-Кукурудза_2010-2024 Мінеральні.csv
ukraine,украина/AgroStats_chart-Україна-Добрива-Соняшник_2010-2024.csv,data/raw/agrostats/ukraine/AgroStats_chart-Україна-Добрива-Соняшник_2010-2024 Мінеральні.csv,AgroStats_chart-Україна-Добрива-Соняшник_2010-2024.csv,AgroStats_chart-Україна-Добрива-Соняшник_2010-2024 Мінеральні.csv
ukraine,украина/AgroStats_chart-Україна-Добрива-Буряк_2010-2024.csv,data/raw/agrostats/ukraine/AgroStats_chart-Україна-Добрива-Буряк_2010-2024 Мінеральні.csv,AgroStats_chart-Україна-Добрива-Буряк_2010-2024.csv,AgroStats_chart-Україна-Добрива-Буряк_2010-2024 Мінеральні.csv
ukraine,украина/AgroStats_chart-Україна-Добрива-Соя_2010-2024.csv,data/raw/agrostats/ukraine/AgroStats_chart-Україна-Добрива-Соя_2010-2024 Мінеральні.csv,AgroStats_chart-Україна-Добрива-Соя_2010-2024.csv,AgroStats_chart-Україна-Добрива-Соя_2010-2024 Мінеральні.csv
ukraine,украина/AgroStats_chart-Україна-Добрива-Ріпак_2010-2024.csv,data/raw/agrostats/ukraine/AgroStats_chart-Україна-Добрива-Ріпак_2010-2024 Мінеральні.csv,AgroStats_chart-Україна-Добрива-Ріпак_2010-2024.csv,AgroStats_chart-Україна-Добрива-Ріпак_2010-2024 Мінеральні.csv
ukraine,украина/AgroStats_chart-Україна-Добрива-Овочі_2010-2024.csv,data/raw/agrostats/ukraine/AgroStats_chart-Україна-Добрива-Овочі_2010-2024 Мінеральні.csv,AgroStats_chart-Україна-Добрива-Овочі_2010-2024.csv,AgroStats_chart-Україна-Добрива-Овочі_2010-2024 Мінеральні.csv
ukraine,украина/AgroStats_chart-Україна-Добрива-Картопля_2010-2024.csv,data/raw/agrostats/ukraine/AgroStats_chart-Україна-Добрива-Картопля_2010-2024 Мінеральні.csv,AgroStats_chart-Україна-Добрива-Картопля_2010-2024.csv,AgroStats_chart-Україна-Добрива-Картопля_2010-2024 Мінеральні.csv
ukraine,украина/AgroStats_chart-Україна-Добрива-Всі культури_2010-2024 (1).csv,data/raw/agrostats/ukraine/AgroStats_chart-Україна-Добрива-Всі культури_2010-2024 Азотні.csv,AgroStats_chart-Україна-Добрива-Всі культури_2010-2024 (1).csv,AgroStats_chart-Україна-Добрива-Всі культури_2010-2024 Азотні.csv
ukraine,украина/AgroStats_chart-Україна-Добрива-Зернові_2010-2024.csv,data/raw/agrostats/ukraine/AgroStats_chart-Україна-Добрива-Зернові_2010-2024 Мінеральні.csv,AgroStats_chart-Україна-Добрива-Зернові_2010-2024.csv,AgroStats_chart-Україна-Добрива-Зернові_2010-2024 Мінеральні.csv
ukraine,украина/AgroStats_chart-Україна-Добрива-Технічні_2010-2024 (1).csv,data/raw/agrostats/ukraine/AgroStats_chart-Україна-Добрива-Технічні_2010-2024 Азотні.csv,AgroStats_chart-Україна-Добрива-Технічні_2010-2024 (1).csv,AgroStats_chart-Україна-Добрива-Технічні_2010-2024 Азотні.csv
ukraine,украина/AgroStats_chart-Україна-Добрива-Кормові_2010-2024 (1).csv,data/raw/agrostats/ukraine/AgroStats_chart-Україна-Добрива-Кормові_2010-2024 Азотні.csv,AgroStats_chart-Україна-Добрива-Кормові_2010-2024 (1).csv,AgroStats_chart-Україна-Добрива-Кормові_2010-2024 Азотні.csv
ukraine,украина/AgroStats_chart-Україна-Добрива-Пшениця_2010-2024 (1).csv,data/raw/agrostats/ukraine/AgroStats_chart-Україна-Добрива-Пшениця_2010-2024 Азотні.csv,AgroStats_chart-Україна-Добрива-Пшениця_2010-2024 (1).csv,AgroStats_chart-Україна-Добрива-Пшениця_2010-2024 Азотні.csv
ukraine,украина/AgroStats_chart-Україна-Добрива-Кукурудза_2010-2024 (1).csv,data/raw/agrostats/ukraine/AgroStats_chart-Україна-Добрива-Кукурудза_2010-2024 Азотні.csv,AgroStats_chart-Україна-Добрива-Кукурудза_2010-2024 (1).csv,AgroStats_chart-Україна-Добрива-Кукурудза_2010-2024 Азотні.csv
ukraine,украина/AgroStats_chart-Україна-Добрива-Соняшник_2010-2024 (1).csv,data/raw/agrostats/ukraine/AgroStats_chart-Україна-Добрива-Соняшник_2010-2024 Азотні.csv,AgroStats_chart-Україна-Добрива-Соняшник_2010-2024 (1).csv,AgroStats_chart-Україна-Добрива-Соняшник_2010-2024 Азотні.csv
ukraine,украина/AgroStats_chart-Україна-Добрива-Буряк_2010-2024 (1).csv,data/raw/agrostats/ukraine/AgroStats_chart-Україна-Добрива-Буряк_2010-2024 Азотні.csv,AgroStats_chart-Україна-Добрива-Буряк_2010-2024 (1).csv,AgroStats_chart-Україна-Добрива-Буряк_2010-2024 Азотні.csv
ukraine,украина/AgroStats_chart-Україна-Добрива-Соя_2010-2024 (1).csv,data/raw/agrostats/ukraine/AgroStats_chart-Україна-Добрива-Соя_2010-2024 Азотні.csv,AgroStats_chart-Україна-Добрива-Соя_2010-2024 (1).csv,AgroStats_chart-Україна-Добрива-Соя_2010-2024 Азотні.csv
ukraine,украина/AgroStats_chart-Україна-Добрива-Ріпак_2010-2024 (1).csv,data/raw/agrostats/ukraine/AgroStats_chart-Україна-Добрива-Ріпак_2010-2024 Азотні.csv,AgroStats_chart-Україна-Добрива-Ріпак_2010-2024 (1).csv,AgroStats_chart-Україна-Добрива-Ріпак_2010-2024 Азотні.csv
ukraine,украина/AgroStats_chart-Україна-Добрива-Овочі_2010-2024 (1).csv,data/raw/agrostats/ukraine/AgroStats_chart-Україна-Добрива-Овочі_2010-2024 Азотні.csv,AgroStats_chart-Україна-Добрива-Овочі_2010-2024 (1).csv,AgroStats_chart-Україна-Добрива-Овочі_2010-2024 Азотні.csv
ukraine,украина/AgroStats_chart-Україна-Добрива-Картопля_2010-2024 (1).csv,data/raw/agrostats/ukraine/AgroStats_chart-Україна-Добрива-Картопля_2010-2024 Азотні.csv,AgroStats_chart-Україна-Добрива-Картопля_2010-2024 (1).csv,AgroStats_chart-Україна-Добрива-Картопля_2010-2024 Азотні.csv
ukraine,украина/AgroStats_chart-Україна-Добрива-Всі культури_2010-2024 (2).csv,data/raw/agrostats/ukraine/AgroStats_chart-Україна-Добрива-Всі культури_2010-2024 Фосфорні.csv,AgroStats_chart-Україна-Добрива-Всі культури_2010-2024 (2).csv,AgroStats_chart-Україна-Добрива-Всі культури_2010-2024 Фосфорні.csv
ukraine,украина/AgroStats_chart-Україна-Добрива-Зернові_2010-2024 (1).csv,data/raw/agrostats/ukraine/AgroStats_chart-Україна-Добрива-Зернові_2010-2024 Азотні.csv,AgroStats_chart-Україна-Добрива-Зернові_2010-2024 (1).csv,AgroStats_chart-Україна-Добрива-Зернові_2010-2024 Азотні.csv
ukraine,украина/AgroStats_chart-Україна-Добрива-Технічні_2010-2024 (2).csv,data/raw/agrostats/ukraine/AgroStats_chart-Україна-Добрива-Технічні_2010-2024 Фосфорні.csv,AgroStats_chart-Україна-Добрива-Технічні_2010-2024 (2).csv,AgroStats_chart-Україна-Добрива-Технічні_2010-2024 Фосфорні.csv
ukraine,украина/AgroStats_chart-Україна-Добрива-Кормові_2010-2024 (2).csv,data/raw/agrostats/ukraine/AgroStats_chart-Україна-Добрива-Кормові_2010-2024 Фосфорні.csv,AgroStats_chart-Україна-Добрива-Кормові_2010-2024 (2).csv,AgroStats_chart-Україна-Добрива-Кормові_2010-2024 Фосфорні.csv
ukraine,украина/AgroStats_chart-Україна-Добрива-Пшениця_2010-2024 (2).csv,data/raw/agrostats/ukraine/AgroStats_chart-Україна-Добрива-Пшениця_2010-2024 Фосфорні.csv,AgroStats_chart-Україна-Добрива-Пшениця_2010-2024 (2).csv,AgroStats_chart-Україна-Добрива-Пшениця_2010-2024 Фосфорні.csv
ukraine,украина/AgroStats_chart-Україна-Добрива-Кукурудза_2010-2024 (2).csv,data/raw/agrostats/ukraine/AgroStats_chart-Україна-Добрива-Кукурудза_2010-2024 Фосфорні.csv,AgroStats_chart-Україна-Добрива-Кукурудза_2010-2024 (2).csv,AgroStats_chart-Україна-Добрива-Кукурудза_2010-2024 Фосфорні.csv
ukraine,украина/AgroStats_chart-Україна-Добрива-Соняшник_2010-2024 (2).csv,data/raw/agrostats/ukraine/AgroStats_chart-Україна-Добрива-Соняшник_2010-2024 Фосфорні.csv,AgroStats_chart-Україна-Добрива-Соняшник_2010-2024 (2).csv,AgroStats_chart-Україна-Добрива-Соняшник_2010-2024 Фосфорні.csv
ukraine,украина/AgroStats_chart-Україна-Добрива-Буряк_2010-2024 (2).csv,data/raw/agrostats/ukraine/AgroStats_chart-Україна-Добрива-Буряк_2010-2024 Фосфорні.csv,AgroStats_chart-Україна-Добрива-Буряк_2010-2024 (2).csv,AgroStats_chart-Україна-Добрива-Буряк_2010-2024 Фосфорні.csv
ukraine,украина/AgroStats_chart-Україна-Добрива-Соя_2010-2024 (2).csv,data/raw/agrostats/ukraine/AgroStats_chart-Україна-Добрива-Соя_2010-2024 Фосфорні.csv,AgroStats_chart-Україна-Добрива-Соя_2010-2024 (2).csv,AgroStats_chart-Україна-Добрива-Соя_2010-2024 Фосфорні.csv
ukraine,украина/AgroStats_chart-Україна-Добрива-Ріпак_2010-2024 (2).csv,data/raw/agrostats/ukraine/AgroStats_chart-Україна-Добрива-Ріпак_2010-2024 Фосфорні.csv,AgroStats_chart-Україна-Добрива-Ріпак_2010-2024 (2).csv,AgroStats_chart-Україна-Добрива-Ріпак_2010-2024 Фосфорні.csv
ukraine,украина/AgroStats_chart-Україна-Добрива-Овочі_2010-2024 (2).csv,data/raw/agrostats/ukraine/AgroStats_chart-Україна-Добрива-Овочі_2010-2024 Фосфорні.csv,AgroStats_chart-Україна-Добрива-Овочі_2010-2024 (2).csv,AgroStats_chart-Україна-Добрива-Овочі_2010-2024 Фосфорні.csv
ukraine,украина/AgroStats_chart-Україна-Добрива-Картопля_2010-2024 (2).csv,data/raw/agrostats/ukraine/AgroStats_chart-Україна-Добрива-Картопля_2010-2024 Фосфорні.csv,AgroStats_chart-Україна-Добрива-Картопля_2010-2024 (2).csv,AgroStats_chart-Україна-Добрива-Картопля_2010-2024 Фосфорні.csv
ukraine,украина/AgroStats_chart-Україна-Добрива-Всі культури_2010-2024 (3).csv,data/raw/agrostats/ukraine/AgroStats_chart-Україна-Добрива-Всі культури_2010-2024 Калійні.csv,AgroStats_chart-Україна-Добрива-Всі культури_2010-2024 (3).csv,AgroStats_chart-Україна-Добрива-Всі культури_2010-2024 Калійні.csv
ukraine,украина/AgroStats_chart-Україна-Добрива-Зернові_2010-2024 (2).csv,data/raw/agrostats/ukraine/AgroStats_chart-Україна-Добрива-Зернові_2010-2024 Фосфорні.csv,AgroStats_chart-Україна-Добрива-Зернові_2010-2024 (2).csv,AgroStats_chart-Україна-Добрива-Зернові_2010-2024 Фосфорні.csv
ukraine,украина/AgroStats_chart-Україна-Добрива-Технічні_2010-2024 (3).csv,data/raw/agrostats/ukraine/AgroStats_chart-Україна-Добрива-Технічні_2010-2024 Калійні.csv,AgroStats_chart-Україна-Добрива-Технічні_2010-2024 (3).csv,AgroStats_chart-Україна-Добрива-Технічні_2010-2024 Калійні.csv
ukraine,украина/AgroStats_chart-Україна-Добрива-Кормові_2010-2024 (3).csv,data/raw/agrostats/ukraine/AgroStats_chart-Україна-Добрива-Кормові_2010-2024 Калійні.csv,AgroStats_chart-Україна-Добрива-Кормові_2010-2024 (3).csv,AgroStats_chart-Україна-Добрива-Кормові_2010-2024 Калійні.csv
ukraine,украина/AgroStats_chart-Україна-Добрива-Пшениця_2010-2024 (3).csv,data/raw/agrostats/ukraine/AgroStats_chart-Україна-Добрива-Пшениця_2010-2024 Калійні.csv,AgroStats_chart-Україна-Добрива-Пшениця_2010-2024 (3).csv,AgroStats_chart-Україна-Добрива-Пшениця_2010-2024 Калійні.csv
ukraine,украина/AgroStats_chart-Україна-Добрива-Кукурудза_2010-2024 (3).csv,data/raw/agrostats/ukraine/AgroStats_chart-Україна-Добрива-Кукурудза_2010-2024 Калійні.csv,AgroStats_chart-Україна-Добрива-Кукурудза_2010-2024 (3).csv,AgroStats_chart-Україна-Добрива-Кукурудза_2010-2024 Калійні.csv
ukraine,украина/AgroStats_chart-Україна-Добрива-Соняшник_2010-2024 (3).csv,data/raw/agrostats/ukraine/AgroStats_chart-Україна-Добрива-Соняшник_2010-2024 Калійні.csv,AgroStats_chart-Україна-Добрива-Соняшник_2010-2024 (3).csv,AgroStats_chart-Україна-Добрива-Соняшник_2010-2024 Калійні.csv
ukraine,украина/AgroStats_chart-Україна-Добрива-Буряк_2010-2024 (3).csv,data/raw/agrostats/ukraine/AgroStats_chart-Україна-Добрива-Буряк_2010-2024 Калійні.csv,AgroStats_chart-Україна-Добрива-Буряк_2010-2024 (3).csv,AgroStats_chart-Україна-Добрива-Буряк_2010-2024 Калійні.csv
ukraine,украина/AgroStats_chart-Україна-Добрива-Соя_2010-2024 (3).csv,data/raw/agrostats/ukraine/AgroStats_chart-Україна-Добрива-Соя_2010-2024 Калійні.csv,AgroStats_chart-Україна-Добрива-Соя_2010-2024 (3).csv,AgroStats_chart-Україна-Добрива-Соя_2010-2024 Калійні.csv
ukraine,украина/AgroStats_chart-Україна-Добрива-Ріпак_2010-2024 (3).csv,data/raw/agrostats/ukraine/AgroStats_chart-Україна-Добрива-Ріпак_2010-2024 Калійні.csv,AgroStats_chart-Україна-Добрива-Ріпак_2010-2024 (3).csv,AgroStats_chart-Україна-Добрива-Ріпак_2010-2024 Калійні.csv
ukraine,украина/AgroStats_chart-Україна-Добрива-Овочі_2010-2024 (3).csv,data/raw/agrostats/ukraine/AgroStats_chart-Україна-Добрива-Овочі_2010-2024 Калійні.csv,AgroStats_chart-Україна-Добрива-Овочі_2010-2024 (3).csv,AgroStats_chart-Україна-Добрива-Овочі_2010-2024 Калійні.csv
ukraine,украина/AgroStats_chart-Україна-Добрива-Картопля_2010-2024 (3).csv,data/raw/agrostats/ukraine/AgroStats_chart-Україна-Добрива-Картопля_2010-2024 Калійні.csv,AgroStats_chart-Україна-Добрива-Картопля_2010-2024 (3).csv,AgroStats_chart-Україна-Добрива-Картопля_2010-2024 Калійні.csv
ukraine,украина/AgroStats_chart-Україна-Добрива-Всі культури_2010-2024 (4).csv,data/raw/agrostats/ukraine/AgroStats_chart-Україна-Добрива-Всі культури_2010-2024 Органічні.csv,AgroStats_chart-Україна-Добрива-Всі культури_2010-2024 (4).csv,AgroStats_chart-Україна-Добрива-Всі культури_2010-2024 Органічні.csv
ukraine,украина/AgroStats_chart-Україна-Добрива-Зернові_2010-2024 (3).csv,data/raw/agrostats/ukraine/AgroStats_chart-Україна-Добрива-Зернові_2010-2024 Калійні.csv,AgroStats_chart-Україна-Добрива-Зернові_2010-2024 (3).csv,AgroStats_chart-Україна-Добрива-Зернові_2010-2024 Калійні.csv
ukraine,украина/AgroStats_chart-Україна-Добрива-Технічні_2010-2024 (4).csv,data/raw/agrostats/ukraine/AgroStats_chart-Україна-Добрива-Технічні_2010-2024 Органічні.csv,AgroStats_chart-Україна-Добрива-Технічні_2010-2024 (4).csv,AgroStats_chart-Україна-Добрива-Технічні_2010-2024 Органічні.csv
ukraine,украина/AgroStats_chart-Україна-Добрива-Кормові_2010-2024 (4).csv,data/raw/agrostats/ukraine/AgroStats_chart-Україна-Добрива-Кормові_2010-2024 Органічні.csv,AgroStats_chart-Україна-Добрива-Кормові_2010-2024 (4).csv,AgroStats_chart-Україна-Добрива-Кормові_2010-2024 Органічні.csv
ukraine,украина/AgroStats_chart-Україна-Добрива-Пшениця_2010-2024 (4).csv,data/raw/agrostats/ukraine/AgroStats_chart-Україна-Добрива-Пшениця_2010-2024 Органічні.csv,AgroStats_chart-Україна-Добрива-Пшениця_2010-2024 (4).csv,AgroStats_chart-Україна-Добрива-Пшениця_2010-2024 Органічні.csv
ukraine,украина/AgroStats_chart-Україна-Добрива-Кукурудза_2010-2024 (4).csv,data/raw/agrostats/ukraine/AgroStats_chart-Україна-Добрива-Кукурудза_2010-2024 Органічні.csv,AgroStats_chart-Україна-Добрива-Кукурудза_2010-2024 (4).csv,AgroStats_chart-Україна-Добрива-Кукурудза_2010-2024 Органічні.csv
ukraine,украина/AgroStats_chart-Україна-Добрива-Соняшник_2010-2024 (4).csv,data/raw/agrostats/ukraine/AgroStats_chart-Україна-Добрива-Соняшник_2010-2024 Органічні.csv,AgroStats_chart-Україна-Добрива-Соняшник_2010-2024 (4).csv,AgroStats_chart-Україна-Добрива-Соняшник_2010-2024 Органічні.csv
ukraine,украина/AgroStats_chart-Україна-Добрива-Буряк_2010-2024 (4).csv,data/raw/agrostats/ukraine/AgroStats_chart-Україна-Добрива-Буряк_2010-2024 Органічні.csv,AgroStats_chart-Україна-Добрива-Буряк_2010-2024 (4).csv,AgroStats_chart-Україна-Добрива-Буряк_2010-2024 Органічні.csv
ukraine,украина/AgroStats_chart-Україна-Добрива-Соя_2010-2024 (4).csv,data/raw/agrostats/ukraine/AgroStats_chart-Україна-Добрива-Соя_2010-2024 Органічні.csv,AgroStats_chart-Україна-Добрива-Соя_2010-2024 (4).csv,AgroStats_chart-Україна-Добрива-Соя_2010-2024 Органічні.csv
ukraine,украина/AgroStats_chart-Україна-Добрива-Ріпак_2010-2024 (4).csv,data/raw/agrostats/ukraine/AgroStats_chart-Україна-Добрива-Ріпак_2010-2024 Органічні.csv,AgroStats_chart-Україна-Добрива-Ріпак_2010-2024 (4).csv,AgroStats_chart-Україна-Добрива-Ріпак_2010-2024 Органічні.csv
ukraine,украина/AgroStats_chart-Україна-Добрива-Овочі_2010-2024 (4).csv,data/raw/agrostats/ukraine/AgroStats_chart-Україна-Добрива-Овочі_2010-2024 Органічні.csv,AgroStats_chart-Україна-Добрива-Овочі_2010-2024 (4).csv,AgroStats_chart-Україна-Добрива-Овочі_2010-2024 Органічні.csv
ukraine,украина/AgroStats_chart-Україна-Добрива-Картопля_2010-2024 (4).csv,data/raw/agrostats/ukraine/AgroStats_chart-Україна-Добрива-Картопля_2010-2024 Органічні.csv,AgroStats_chart-Україна-Добрива-Картопля_2010-2024 (4).csv,AgroStats_chart-Україна-Добрива-Картопля_2010-2024 Органічні.csv
ukraine,украина/AgroStats_chart-Україна-Зрошення_2010-2024.csv,data/raw/agrostats/ukraine/AgroStats_chart-Україна-Зрошення_2010-2024.csv,AgroStats_chart-Україна-Зрошення_2010-2024.csv,AgroStats_chart-Україна-Зрошення_2010-2024.csv
ukraine,украина/AgroStats_chart-Україна-Добрива-Зернові_2010-2024 copy.csv,data/raw/agrostats/ukraine/AgroStats_chart-Україна-Добрива-Зернові_2010-2024 Органічні.csv,AgroStats_chart-Україна-Добрива-Зернові_2010-2024 copy.csv,AgroStats_chart-Україна-Добрива-Зернові_2010-2024 Органічні.csv
